goal_id,state,owner,end_date,priority,target_percentage,category,quarter,goal_met
254c6dd4-ab7b-44d1-989b-14087c68272a,Closed,Mary Smith,2024-05-10,Medium,97.8435913540969,Revenue Growth,2,False
c7d47599-8675-4237-9237-1397337bbc40,Open,Michael Mitchell,2024-07-04,Critical,91.22490125877226,Cost Reduction,1,False
60fa305d-aa6b-4ac9-9fda-511dd2919e8c,Closed,Teresa Martin,2024-08-28,High,83.1931863275378,Innovation,2,True
c4b3c47d-4e4f-4404-a255-44eaeb3ce610,In Progress,Xavier Caldwell,2024-04-11,Critical,96.9498873269492,Process Improvement,1,False
5acd0481-146f-4d92-a971-4881d30ecb12,Closed,James Cannon,2024-02-27,Medium,85.86356562814186,Innovation,1,False
86dcefa4-aaaa-42d9-9a59-327be7a7914c,Closed,Tracie Moran,2024-08-24,Medium,99.70443041321516,Cost Reduction,2,False
07b5f867-91ce-424e-aad2-bf4487b1d7f1,Open,Nina Huffman,2024-05-19,High,85.33955644098226,Process Improvement,1,False
861b5817-6cdc-412d-ae46-fde50d112203,Closed,Heather Torres,2024-05-23,Medium,98.50782359242436,Revenue Growth,1,False
cfa8aa88-a381-4089-9e69-b76becb4f853,Closed,Vickie Hernandez,2024-11-26,Medium,88.02329574044657,Cost Reduction,3,True
386015d6-c552-4a08-9ac2-65d8d013599b,Open,Jasmine George DDS,2024-06-27,Low,98.29095179481087,Process Improvement,1,False
bdc96277-1b81-40d2-bd4c-34f8955a21fa,In Progress,Amber Singleton,2024-05-26,Critical,72.8530148188374,Innovation,1,False
06d89397-cfe7-47d0-9dff-002db7e07307,Closed,Tiffany Stephens,2024-06-07,High,61.413491262742035,Revenue Growth,1,False
406c7411-383e-4dac-af5e-7486f4f7cc16,Open,Sara Walton,2024-12-23,Medium,77.87665285083384,Customer Satisfaction,4,False
82684a18-d1d8-4cbd-8c7e-b07138fcbf3c,In Progress,Elizabeth Delgado,2024-12-22,Low,86.54365350387327,Cost Reduction,3,False
048a8c0f-8e99-4ac5-a0bc-da43e12aab0a,In Progress,Andrew Barber,2024-02-20,High,86.27558821134582,Revenue Growth,4,True
0e3f5067-e747-4edc-aaf1-f580ae2203d0,In Progress,Hunter Willis,2024-10-15,Medium,79.16848484598016,Cost Reduction,3,False
c4dfed3e-40a4-4523-9865-4a319ed9a27d,Closed,Brian Hall,2024-09-22,High,75.91061016585533,Revenue Growth,3,False
b6a83657-f089-4256-8c52-7418cb2e56e2,Open,John Ramirez,2025-02-08,Medium,84.94996588083538,Cost Reduction,4,False
002b4942-8748-4cc2-827b-ec33113ac6df,In Progress,Deborah Harrison,2024-07-26,High,74.57971389949842,Innovation,2,False
a63ae200-936f-4119-8221-13d6a611e66e,Open,Thomas Cox,2024-12-04,Critical,75.83021362254762,Customer Satisfaction,4,False
6f9294b9-d703-45b2-910e-ec5daa51c7e7,Closed,Brian Molina,2024-08-23,Low,80.15060878914849,Revenue Growth,2,False
283ee453-6e97-48fe-8377-b8359b2d1280,In Progress,Stanley Heath,2024-12-24,Medium,91.0784304484896,Revenue Growth,3,False
027959e0-bf62-48b1-82e6-ac6c4b40c6dd,Closed,James Blackburn,2024-06-19,Critical,81.41714699777307,Cost Reduction,2,True
8be86a49-e9dc-4ce2-be8f-70c1357e307b,Open,Mary Jackson,2024-12-17,High,77.28634949162699,Revenue Growth,3,True
358c5e2e-a002-4ed4-b1a6-897d0414b8d2,Open,Steven Herrera,2024-03-26,High,72.33306828149215,Cost Reduction,4,False
cb9b35a6-5a12-411c-a5d1-5394eb6e6062,Closed,Tiffany Rodriguez,2024-03-31,Critical,65.74770216424962,Process Improvement,1,False
57f3ed46-2c3b-47f9-b10b-083bf7f29291,Closed,Betty Le,2024-08-09,Medium,62.261546651228684,Process Improvement,2,True
c8e5cc8d-0612-4996-aec9-36a73d5e33ca,Closed,Jenna Lee,2024-08-20,Medium,87.79100949024382,Innovation,3,False
7d63e19e-946f-46d4-822a-4cd5af93d664,Open,Mr. Jeffrey Lewis MD,2025-01-28,Medium,64.93911364204581,Revenue Growth,3,True
85815d18-8a02-4f6a-ac91-345e03426730,Open,Brenda Neal,2024-11-21,Low,89.73342823308658,Customer Satisfaction,3,False
e766dd5d-4117-4593-b6f6-e478e8bb3fb1,Open,Sheila Cunningham,2024-04-23,Low,69.40814429309188,Innovation,1,False
a0b3a698-5ab9-4623-907c-ac25abca7352,Open,Cheryl Brown,2025-02-12,Medium,83.71649921961446,Innovation,3,False
95de4254-cc31-438b-8adc-f4303dffe605,Closed,Danielle Johnson,2024-06-20,High,81.63966810989751,Innovation,1,False
b4973d0f-d7de-413d-a90d-82f6e1e92609,Closed,Katherine Owens,2024-09-13,Medium,87.91571693582509,Process Improvement,1,False
a34531bb-48c7-4975-8753-c485171d6b27,Closed,Jonathan Ryan Jr.,2024-12-25,High,99.9219289571019,Cost Reduction,3,True
96097e83-1b11-47ff-891c-06d921434136,Open,Mary Burnett,2024-07-30,Medium,86.37810727453629,Revenue Growth,2,False
9cab1b8a-1389-43b0-abaf-a4d94f1d4e1d,In Progress,Joshua Curtis,2024-12-20,Medium,89.61699190894512,Innovation,4,False
dc5c380c-b52c-44de-a5cb-e7f15df9a48b,Closed,Amy Steele,2024-05-25,Medium,82.68582228786735,Innovation,2,True
410891de-3dd4-4497-8edd-7d0a253ece18,Open,Charlotte Hamilton,2024-05-22,Critical,66.10791936982359,Process Improvement,4,True
4f16a883-7f43-4a19-9653-d71abbd103d5,Closed,Justin Sims,2024-09-23,Medium,80.881735235981,Cost Reduction,2,True
fc7cd3f0-92a8-4ff9-85cc-adf88fbd17d1,In Progress,Laura Hunter,2024-07-20,Critical,60.2900909882502,Customer Satisfaction,2,False
124add30-be4e-4d98-8c7e-be4277257440,Open,Andrew Campbell,2024-10-20,Critical,63.82336557846416,Process Improvement,2,False
ac3033be-4fce-4b29-8488-09f4a7f088fb,In Progress,Tammy Henderson,2024-05-28,Low,70.61035903843855,Revenue Growth,2,False
061e1351-9bd8-435e-af0e-4d54a329a925,Closed,Matthew Bryant,2024-06-03,Low,84.32315159821191,Revenue Growth,1,False
f13d75f4-f573-4016-a580-603d89b0318d,In Progress,Jennifer Johnson,2024-02-15,Medium,80.0972138786459,Process Improvement,4,False
64027441-aaf6-4051-b2e6-5a2328a01b27,Closed,Richard Phillips,2024-09-03,Critical,74.12070063257971,Cost Reduction,2,False
2ba71739-959a-47f1-ad4a-cbc7b24a81f2,Open,Benjamin Sanchez,2025-01-28,High,85.57206122046009,Revenue Growth,4,True
fe71322f-701b-46fd-9d9a-89514fb50043,Open,Theresa Mccoy,2024-12-24,Medium,69.93449604643222,Customer Satisfaction,3,False
d6c8f01b-b87d-4b73-8568-031b251423c9,Open,Michelle Figueroa,2024-12-20,High,94.57090121305409,Process Improvement,3,False
a8222c61-41f7-4aa6-a788-f0784c8f3d81,In Progress,Erica Fitzpatrick,2024-06-23,Critical,80.03382556437259,Innovation,1,True
39e23d8b-1bcc-4fd4-8828-10b25aa2a12f,Closed,Jack Rowland,2024-03-08,Medium,63.73875946993103,Process Improvement,4,True
eed43e67-1f66-4431-b6f7-7afd3830f87e,In Progress,Randy Thompson MD,2024-02-28,Medium,63.818633971774595,Process Improvement,4,False
e8cb4f84-4b71-46dc-88d3-ccbbd8a74720,In Progress,Robin Harris,2024-07-13,Medium,69.11624847805061,Process Improvement,2,True
4ea6894b-fa03-4fe9-bc4a-35e457253f8a,Open,Kelly Hamilton,2024-10-10,Medium,66.41104202967301,Process Improvement,2,False
7c3cde2f-6dd5-4056-bb4b-4618b73c9996,In Progress,Amanda Martinez,2024-01-11,High,82.53414412622197,Innovation,4,True
ee19422f-fefb-47f7-bb7f-8856e4f87cfd,Closed,Traci Wells,2024-06-20,Medium,92.22547946121361,Revenue Growth,1,True
95288d5c-ecf2-48ad-8fde-4308dc7eb22c,Open,Gary Huang,2024-03-19,Low,84.87968879156878,Innovation,4,False
112fb087-f303-466e-9a53-50d4c0df67fa,Closed,Chad Sullivan,2024-06-15,Medium,91.1481158806679,Revenue Growth,2,False
47e6a603-f6ec-407c-bd92-90258f67a060,Open,Norman George,2024-10-02,Medium,88.50118825329469,Innovation,3,False
2c8090c0-2a0c-40dd-98cf-3edcb49b4c12,In Progress,Amanda Ward,2025-02-20,Medium,85.84484729349786,Innovation,3,False
ff34a4c3-fc6d-484d-b757-888bfba1c249,In Progress,Howard Zavala,2024-12-10,Low,78.80245310945344,Process Improvement,3,False
a0571e75-b5d0-4a9f-afba-b55d66d825d6,In Progress,David Salinas,2024-08-23,Medium,81.61155315315337,Revenue Growth,3,True
64a09d7d-9021-418e-9155-7b06fb297782,Open,Kurt Garcia,2024-10-21,Medium,89.31848606702302,Revenue Growth,2,False
ecf196a8-2737-440c-a4af-65095f43663c,Open,Ashley Myers,2025-02-18,High,86.41970018273472,Innovation,4,False
9a00bd67-c2d4-4f63-aadc-2587cc4e71e9,Closed,Ms. Anne Williams,2024-09-12,Critical,99.06860676940212,Process Improvement,2,False
3caca3a4-42db-4e10-9e0e-c9671092a811,In Progress,Christina Crawford,2024-12-12,Medium,74.56925981395501,Revenue Growth,2,False
30cd47bf-d6d7-4498-8fc5-38f883bc10d2,In Progress,Bobby Short,2025-02-11,Medium,76.02370888597514,Customer Satisfaction,4,True
3586f0ab-bb65-47ce-95a9-9edbca432168,In Progress,Daisy Nolan,2024-06-08,Medium,73.85095332154535,Cost Reduction,4,False
1e7cb647-fed8-4968-b348-d9f8b09e8af9,Open,Audrey Hunt,2024-08-30,High,71.37378646692409,Customer Satisfaction,2,True
7f86c878-c36c-4cbe-8602-452b04aa0ece,In Progress,Ariel Cole,2024-08-11,Medium,81.37236740905539,Innovation,2,False
4f7fac66-4bf0-4f4c-97b3-81aea8b2cd45,Closed,Lauren Flores,2024-09-01,Low,67.15634825666717,Revenue Growth,3,False
ddc3827f-67bd-47c2-a7c0-ac5e56137bb2,In Progress,Thomas Williams,2024-06-12,Low,65.03367430103407,Customer Satisfaction,4,True
5ab16241-0e9f-4c8c-a647-72b0c82a25e1,Closed,Nathan Gonzalez,2024-06-23,Low,77.27390185237243,Cost Reduction,2,False
08b3e379-c28e-4340-a93c-848babbbff30,In Progress,Nathan Watts,2025-01-08,Critical,92.00823229633689,Revenue Growth,4,True
6bb4ab13-c0e2-4c8c-a499-1a4c878a57e3,Open,Michael Watson,2024-12-02,High,79.42629762170415,Customer Satisfaction,4,False
f3715859-eff7-48c3-b234-c612d44b78a7,Open,Stephen Santiago,2025-03-04,Critical,81.21925931118231,Process Improvement,3,False
79036efb-13db-4099-89ce-8cb88c52cb91,In Progress,Tammy Kirk,2024-07-07,Low,83.23924351114724,Process Improvement,1,False
8f6e9238-517c-41c7-8589-418f09e6be01,In Progress,Lisa Dodson,2024-07-07,High,86.44893552008315,Revenue Growth,1,False
15f9251c-d1c3-41a1-b2bd-af179b890e7a,Open,Lee Arnold,2024-06-09,Medium,69.75042503666279,Customer Satisfaction,4,False
e66f90f0-0c5b-47fa-bf6b-263a7a8e7cc7,In Progress,Dustin Martin,2024-05-23,Medium,85.5253715151237,Process Improvement,1,True
12df266a-f2f2-49dc-a593-37ad1e24c895,Open,Amy Miller,2024-02-14,Critical,80.71828018339569,Customer Satisfaction,4,False
df874141-6e17-4646-872e-1bf063968bd6,Closed,Melvin Wade,2024-12-04,Medium,86.12412060260176,Cost Reduction,3,True
75ccd624-65e8-416b-8f07-4f337fe679f0,Closed,Donna Anderson,2024-12-14,Medium,69.9237389158779,Process Improvement,3,True
718b2777-eb23-45d9-b0cc-d017cde71996,Closed,Stephen Allen,2025-01-22,High,94.85762127278208,Revenue Growth,4,False
85c82ff9-8b6e-4f62-ab08-99283cffd9c2,Closed,Erika Williams,2024-08-01,High,90.49273738217215,Customer Satisfaction,2,True
fc4bd45d-6a0a-4bc4-97a1-a8d2e27956d7,In Progress,David Hernandez,2024-07-01,High,82.53165919695964,Process Improvement,2,True
d9a3e004-6315-4702-b419-7c5de0d02e8b,Open,Joshua Jones,2024-09-09,High,63.07762940363282,Revenue Growth,1,True
cf8beb72-7f44-4bfb-a688-ed4f69152e76,Open,Deborah Fernandez,2024-08-15,Medium,67.57435171478917,Customer Satisfaction,2,True
f2e9f80c-7038-4c80-8917-dea72be10845,In Progress,Cheryl Edwards,2024-03-21,High,64.55181020852869,Cost Reduction,1,True
b8a8fd30-a777-497c-b7ed-9ea655bb01a8,Closed,Lisa Brown,2024-08-13,Low,77.88380536230076,Cost Reduction,2,False
c079037e-4485-490f-9475-8ad7daf5f775,Closed,Tiffany Henderson,2025-01-23,High,86.10760488638721,Customer Satisfaction,3,True
599b9315-cf52-4534-8a99-f7d4758f385a,Closed,Dennis Miller,2024-05-09,Low,62.43562396400953,Revenue Growth,1,False
38e7d9f5-bf62-436f-833c-b3be27581dab,Open,Erica Oconnor MD,2024-10-08,Critical,74.09737437023057,Cost Reduction,2,False
837d89c3-379c-4f78-9566-598724945ce1,Open,Susan Hanson,2024-09-05,Medium,95.75656053293463,Customer Satisfaction,2,True
31f1d1f4-9477-4e37-b66e-e14964340f0a,Closed,William Martin,2024-07-20,Medium,96.5326231930012,Innovation,2,True
b42ec5a4-d3a0-4fc9-83e7-386688f0a034,Open,Andrew Jenkins,2024-06-28,Medium,68.65831764917525,Innovation,2,False
3daeff05-53bf-40c0-a771-7ce7fe72d65e,Open,Bridget Strong,2024-09-07,Medium,62.41325555697903,Process Improvement,2,False
30625ca9-2f45-489c-97b7-3872737a36a6,Open,Heidi Lynch,2024-03-29,Medium,80.41490912431067,Cost Reduction,4,True
e7eb1820-b183-4fb5-88a9-4dd21dfbebf9,Closed,Scott Williams,2024-06-19,Critical,87.48218363780302,Revenue Growth,4,False
e42cf08c-fa07-47c1-8c64-565257e173de,Open,Alec Morris,2024-12-12,Medium,72.25044280290047,Customer Satisfaction,3,False
57bf7795-7505-4e9c-adc8-a69080f75e90,In Progress,Sharon Johnson,2024-06-29,High,91.00193217943566,Customer Satisfaction,2,True
b643d11d-98d1-45e5-b72d-b06f09957d40,In Progress,Bradley Mcfarland,2024-07-05,High,75.43788756987315,Cost Reduction,1,False
9054438d-da18-4b96-8c11-3a86a53288b0,Open,Trevor Kirby,2024-05-29,High,74.95479307146566,Revenue Growth,1,False
2d5fb995-8f6a-43a9-be97-5a4d4090d83d,In Progress,Alexis Moreno,2024-07-23,High,80.94750087366516,Revenue Growth,2,False
38949bc0-b0a3-42d6-96c7-5d39335ac634,Open,Amanda Jones,2024-12-21,Medium,62.796276038445676,Process Improvement,3,False
15d57036-33dc-4c28-a96d-a3daeba103d1,Open,Dawn Benton,2024-01-07,Medium,75.26616045208536,Revenue Growth,4,True
2ba917d6-c655-40b9-9bf5-e57d704a67ef,In Progress,Patrick Collins,2024-06-20,Low,65.71831112843785,Revenue Growth,1,False
addc3957-e6d2-478e-9fb2-3c28a0e25a81,Closed,James Dominguez,2024-03-21,Low,70.19625729342886,Process Improvement,1,False
426b0168-6b45-4ae9-aaae-170b5d8a8a82,Closed,Alex Contreras,2024-06-28,High,79.79822259164759,Process Improvement,2,False
230e4fb0-d94a-4702-a860-6ee70717e59e,Open,Brett Carter,2024-06-06,Medium,73.66033850599503,Process Improvement,4,False
6aa2c626-e2f5-4d8f-9066-9edb397d701e,In Progress,Ashley Glover,2024-05-28,Medium,69.545289817014,Revenue Growth,1,False
53342caf-f0ac-4e7a-984c-a12719e63f5e,In Progress,David Hess,2024-11-24,Low,75.06873450398898,Revenue Growth,3,False
ed4d7724-294f-4c28-97c6-ee604786854a,Closed,Michael Jones,2024-07-28,Low,82.88310831933894,Customer Satisfaction,2,False
a5a2ee7b-f49b-4842-8159-0e68d41bc3b2,Closed,Jacob Wallace,2024-07-20,Medium,79.49509957737817,Process Improvement,2,False
869340fc-1220-4393-b025-08d507d86959,In Progress,Heather Russell,2024-09-10,Low,62.05262241544654,Customer Satisfaction,2,False
d00d31af-a0ff-40d4-bd8b-8267680683df,Closed,Samantha Rodriguez,2024-03-03,Medium,81.11672487987113,Customer Satisfaction,4,False
3bd131ea-4b6b-4e7b-a337-77344d96921a,Open,Matthew Price,2024-11-06,Medium,87.49682179550629,Cost Reduction,3,False
aefb0eaf-8f71-4697-b9be-e4a81fce8b6c,Open,Anthony Hernandez,2024-12-06,High,87.65088597233748,Revenue Growth,2,True
95589c77-9748-4027-94ad-3bcfe73673c8,Closed,Richard Morris,2024-06-27,Low,93.33681434532961,Revenue Growth,1,False
1a55492b-dc37-4761-a346-92b07cb65ef7,In Progress,Jonathan Mitchell,2024-12-24,Critical,68.97462747371317,Customer Satisfaction,3,True
317bb153-59b0-4066-adab-f78a412773de,In Progress,Sabrina Estrada,2024-10-10,Low,63.19959802267083,Revenue Growth,2,True
5462b97e-a588-4f23-bfef-2ca699ad3b8f,In Progress,Kendra Smith,2024-06-15,Medium,91.31858033911398,Process Improvement,1,False
5f52cff6-2264-4f44-82fe-7c75aceec885,Closed,Ronald Allen,2024-11-06,Medium,84.05795872635863,Process Improvement,2,False
b32146bc-700c-43ad-b039-03ecaf993c58,Open,Jessica Chen,2025-01-02,Medium,79.39021826671569,Revenue Growth,3,False
a982048d-1449-4653-8447-e6970e419add,In Progress,Crystal Lloyd,2024-01-16,Medium,88.31006186837556,Revenue Growth,4,False
81d361d7-024c-47c2-a7eb-790319a29c14,Open,Johnathan Shaw,2024-11-22,Low,84.91417858702192,Process Improvement,2,False
d61abd72-034b-4b80-918f-88412696615e,In Progress,Karen Mendoza,2024-03-11,Medium,62.25898082720273,Process Improvement,4,True
f054cbc5-fb43-40ed-94ac-db0a9f90dc7c,Open,Kimberly Hickman,2024-10-23,High,87.37171317232078,Customer Satisfaction,2,False
ba0aed19-18f2-49bf-ae53-9d113623706d,Closed,Maria Peterson,2024-08-21,High,92.39093734089059,Process Improvement,1,False
389302e8-1549-46dd-a8ff-c9b886eb9613,Closed,Mr. Willie Waters,2024-06-04,Medium,72.24887567386239,Customer Satisfaction,1,False
361c181f-dd78-4678-87ea-4f97f9bc790c,Open,Curtis Harrison,2024-01-12,High,82.71328097412673,Customer Satisfaction,4,True
942c8673-7987-4198-aa8d-8aa0916b34fa,In Progress,Kathryn Lopez,2024-08-14,Medium,85.01079249888964,Revenue Growth,1,False
27d8d6f6-09fc-41dd-87fc-0b95fdd12b0a,Closed,Edward Gibson,2024-03-23,Critical,97.1090038661191,Process Improvement,4,True
977b0a18-4ca3-4db0-9992-f08b5fe26681,Open,Darin Jimenez,2024-07-15,Low,82.44319438174527,Process Improvement,1,False
1b439d62-cab8-4820-84a1-d24d797b0581,In Progress,Sandra Ford,2024-09-22,Medium,70.00527469297548,Innovation,2,False
f8754ce4-8cca-481a-aec5-d6fc77482c43,Open,Nathan Stephens,2024-08-18,Critical,84.65997358092064,Innovation,2,True
c91eb9e8-db77-41ae-b4ef-f7d5bb580ba0,Open,David Harris,2024-11-23,High,83.9554147067287,Revenue Growth,4,False
84cb3712-974b-47b2-8f6f-2df8f2e6ec96,Open,Dwayne Rodriguez,2024-07-19,Critical,67.9610252497492,Revenue Growth,2,False
7ec3fa82-2e7e-4b5e-9cea-fe1b18487e24,Open,Kelli Flowers,2024-07-02,Critical,75.39713872827575,Cost Reduction,1,False
ed7bc659-de2b-478e-bbb9-2704648626e1,Open,Andrea Rush,2024-12-21,High,92.86681368410977,Innovation,3,False
a763582f-c81b-4599-b55a-bc165ccce3e1,Open,Julie Montgomery,2024-10-05,Low,87.29102487345688,Customer Satisfaction,2,False
7f8d48c0-13a0-49ed-958d-8d65ce9818c7,Open,Joseph Hawkins,2024-03-07,Medium,90.9671286809672,Cost Reduction,4,True
3b0024e1-667c-4e19-aa07-159f87cc1f4a,In Progress,Kaitlyn Cooley,2024-07-08,High,81.05338255638199,Innovation,1,False
c434bf36-b372-49af-b1b8-a0a98b0c6cf1,Closed,Nancy Olson,2024-11-19,Medium,71.9619055277086,Revenue Growth,3,False
38c7a663-d63c-4413-952d-86ba1898b6fd,Closed,Zachary Bowman,2024-04-01,Medium,87.68955107203153,Process Improvement,4,False
48caa867-6728-4078-8eee-884da70b4885,Open,Scott Williams,2024-04-11,Critical,63.9034636072153,Cost Reduction,1,False
6da8ed14-ec3e-4589-ae2c-cfff1ef8c789,Open,Karen Moon,2025-01-10,Medium,88.2338960655669,Cost Reduction,3,False
5c44cf9c-2d0b-41dc-946f-effe74d61097,In Progress,April Cohen,2024-05-04,Medium,93.13472605976304,Process Improvement,1,False
2c4c97c5-f58a-458a-8d44-9854be776880,Open,Kara Santiago,2024-12-28,Low,96.14442742304689,Process Improvement,3,False
125dddd2-740c-4e93-99f5-263e06a2b111,Closed,Jenny Foley,2024-12-19,Critical,86.1796937765982,Process Improvement,2,False
b9d83829-c285-4bfc-b898-929a5291ee88,In Progress,Rodney Williams,2024-04-08,High,64.25623962453805,Revenue Growth,1,False
a9182730-94c1-40a4-8f5f-58e5293be1c9,Closed,Amber Woods,2024-08-03,Medium,64.72227827535266,Revenue Growth,2,False
19344f7c-6c29-4faf-97f5-52a56330f3ca,In Progress,Pamela Collins,2025-04-08,Medium,81.63163055063826,Cost Reduction,4,False
fbf7cee7-7496-4884-9236-ae36c6dec5a9,In Progress,David Powell,2025-02-01,Medium,88.59827266795781,Customer Satisfaction,3,False
8d8daf67-db06-43c9-b60f-b52d95019914,In Progress,Dr. Kristina Richards,2025-01-17,Medium,81.09563917036162,Process Improvement,3,True
f6a81ef9-306e-4231-8973-5b81bd8984a2,Open,Logan Jimenez,2025-01-13,Medium,94.94028246859536,Process Improvement,4,False
9c676ad9-61ba-4f58-8dc6-be1f9b4ba2a7,Open,Wendy Rodriguez,2024-03-24,Medium,84.18600559700292,Revenue Growth,4,False
f848e364-552d-4eb4-a6ae-c04d7ba39d43,Open,Samantha Rodriguez,2024-09-11,Medium,77.27277482210494,Customer Satisfaction,3,False
ec567c05-fd43-4f0a-a19d-01fc2ad8be18,Closed,William Thomas,2025-02-02,High,98.95228618653495,Customer Satisfaction,3,False
270209a4-9d56-4701-b5ac-b7b8cc7cea8c,In Progress,Cheryl Roberts,2024-10-05,Medium,81.5729417496572,Cost Reduction,3,False
d569dae6-5a68-4f25-ac3d-ea467249ee71,In Progress,Robert Ward,2024-07-11,High,83.878074125338,Revenue Growth,2,True
89f75f67-7f83-4b90-9ece-bf1aa6f791d9,In Progress,Amy Arellano,2024-12-19,High,95.20430591093785,Revenue Growth,4,True
bb3823e0-8a9d-40c2-8d2e-26879bb5cb0a,Closed,Emily Love,2024-10-19,Low,77.3840426911947,Customer Satisfaction,3,False
743a9229-3665-468a-bc00-9b5fc4447236,Closed,Gabrielle Murphy,2025-02-07,Low,92.62770240050858,Process Improvement,4,False
02b9db87-abf4-41f6-b3d9-e5baa92a0255,In Progress,Elizabeth Summers,2024-04-02,High,61.70670152501857,Cost Reduction,1,False
2c9c6c34-deb2-4682-a5ee-a7cc69eaa06a,In Progress,Mr. Kevin Wang,2024-05-31,Medium,88.62694430168371,Innovation,2,False
c54e2047-8cc2-42c1-8402-a01ebcb7b01c,Closed,Sylvia Wolfe,2024-03-24,Low,74.26887083829209,Innovation,4,False
6a279636-b0e0-45fd-9186-9bcdd1fa2986,Open,Austin Booker,2025-02-23,Critical,79.38381273431158,Process Improvement,4,False
f2e9df6b-ac6a-4648-8b3b-3ffcd81bc2c5,Open,Mr. Aaron Brady,2024-04-03,Low,71.18555946303981,Innovation,4,False
a115bc4c-37ac-4322-988c-18eb4ab74730,In Progress,Laura Rivas,2024-07-23,Medium,81.89011895030188,Innovation,1,False
fedd204a-f7c1-4aa8-8226-1e8146ca54b3,Closed,Melissa Ware,2024-04-03,High,77.48218543759259,Innovation,4,False
694f0993-bd51-426d-bc73-18d9627aa9b0,Open,Kevin Daugherty,2024-11-08,Low,87.533586121126,Customer Satisfaction,3,False
03cd063a-fa56-4242-8034-3dbb87abecdf,In Progress,Jason West,2025-02-27,Critical,69.26598210191642,Customer Satisfaction,3,False
51b63701-f08f-426f-b460-bf44d77ed176,Open,Andrew Hunt,2025-01-29,High,82.02281527335788,Revenue Growth,3,True
eadb2822-abca-4cc2-b992-f325c3f21639,Closed,Rhonda Miller,2024-10-05,Medium,83.61691934337394,Innovation,3,False
0047b057-c102-4a2c-923c-6fa2a2b4c908,Closed,Brandon Williams,2024-11-07,Medium,67.12590604340775,Cost Reduction,3,False
2194eaf7-73a3-4692-93da-068e9d98aca9,In Progress,Jonathan Mccall,2024-09-29,Medium,96.17247742181573,Customer Satisfaction,2,False
a5dc0215-707e-44ff-b24a-596d49ba165b,In Progress,Nicholas Ramirez II,2024-05-17,Medium,68.45315198111327,Innovation,1,False
6ed286e2-49c9-4414-a85b-ca68c1f547a8,In Progress,Kelly Price,2024-09-09,Medium,64.15195603810294,Revenue Growth,1,True
32420889-86a2-4c14-b3bd-a2bc811c5bcb,In Progress,Alexa Walker,2024-04-06,Low,75.47728162657455,Innovation,4,False
3be4bd05-34fb-4589-a667-ff3f28e62aa5,Open,James Craig,2024-12-08,Medium,84.93140155914557,Process Improvement,4,False
d9b7abea-721d-4c5c-ae11-5d06fc6df435,Open,Jeremy Williams,2024-10-26,Low,71.2188446303706,Cost Reduction,2,False
0abe9acc-ef02-4b4f-bcb0-51df0d39b4c0,In Progress,Thomas Cannon,2025-03-02,High,79.49882052882545,Process Improvement,4,True
6cbc0f45-46f0-4f15-a77a-4fb1b5cf8c50,Open,Cynthia Mack,2024-02-09,High,81.16608525867241,Customer Satisfaction,1,False
827e02c3-0a2e-4c45-b4f0-17f9872160e7,In Progress,Courtney Jennings,2024-09-21,Low,94.54469570649863,Cost Reduction,3,False
deaa3d91-18d4-4943-ba52-de26f0e22c94,Closed,Peter Barnes,2024-08-25,Medium,72.5947663126033,Revenue Growth,2,False
029daed8-1ef7-4ad1-a6da-cca9783acbce,Closed,Benjamin Simpson,2024-08-02,Critical,75.46127190628218,Customer Satisfaction,2,False
83b83709-e863-4316-9b5b-91ac1f23ca29,Open,Robert Gibson,2024-05-06,Medium,65.61941735395148,Innovation,1,False
9dffb102-8bbf-4e5c-8fc3-9cadc1d55a9d,Closed,Jessica Bird,2025-04-07,Low,83.59237007535953,Cost Reduction,4,False
dd204b3c-e65a-4373-af26-602f58a40e73,Closed,Rachel Mcmahon DVM,2024-05-23,High,85.07300522138425,Customer Satisfaction,2,True
1490fb2b-c097-4c5c-9e9d-3419024c556b,Open,Christina Young,2024-01-28,High,69.97555825115954,Cost Reduction,4,True
84a54375-4efc-4c04-bf4b-d328a8965f9b,Open,Eric Duke,2024-12-22,High,89.42457557366548,Revenue Growth,3,False
c95f1092-6b54-4ab3-9fe2-3a448ed24cef,In Progress,Martin Hayes,2024-07-18,Critical,83.98939667430376,Customer Satisfaction,2,False
c5686a18-ba21-4ab6-9df9-9664423f0a84,Open,Savannah Gonzales,2024-09-05,Medium,79.40701496402251,Innovation,2,False
20918d44-b38a-447c-b587-3d2dd79f3e24,In Progress,Aaron Lawson,2024-08-28,Low,88.00043549288924,Process Improvement,3,False
d05a31d1-40e9-41ce-ab3e-61a7f2b33a4f,In Progress,Monica Graham,2024-12-03,Low,83.91872641129997,Customer Satisfaction,3,False
f6d324c5-2b59-4461-befd-8d35242e0391,In Progress,Catherine Hall,2025-01-12,Critical,68.81299257007497,Innovation,3,False
1ebe8972-8bcc-469e-962a-a503512c93e1,Open,Danielle Leon,2024-10-26,Medium,64.99934316197741,Process Improvement,3,False
2d291cb3-4e69-4404-82e5-1a4187278f27,In Progress,Breanna Chang,2024-11-16,Critical,79.18407931477441,Process Improvement,2,False
22cc6bc1-bb35-4dfc-ac0b-ef60ae4e9517,Open,Emily Day,2024-11-11,High,78.22718709962567,Revenue Growth,3,False
37ff3954-fb0d-49e0-84a0-11a66225f432,In Progress,Michael Gallagher,2024-10-13,Critical,60.97155971939001,Process Improvement,3,True
a91f529b-083e-430f-8b94-72c4e1c8fd6a,Open,Jeffrey Melton,2024-05-13,High,71.9410213785735,Cost Reduction,1,False
167a69cd-b645-4a3c-b45e-123343355975,Closed,Andrew Jones,2024-08-22,Low,71.6096214011779,Cost Reduction,2,False
16529775-7cf9-4a06-92a6-9b419282ef88,Closed,James Cummings,2024-12-17,Medium,98.32957819083762,Customer Satisfaction,3,False
063677fc-ad89-47b6-928e-7d6f987c9b66,In Progress,Julie Herrera,2024-07-07,Critical,73.35333578227365,Cost Reduction,2,False
19f8eed4-5a77-4525-ad1a-af40e8ba0c46,Open,Jose Mills,2025-01-23,Medium,85.54086152259377,Innovation,3,False
d92f7902-d375-4a13-91b3-9b674e313b74,Closed,Christine Owens,2024-08-17,Medium,67.10208552860611,Cost Reduction,2,True
87bb4c91-8d81-4b9f-9782-d0a0895f0c92,In Progress,Jennifer Wilson DDS,2024-03-21,Medium,63.893136891413114,Process Improvement,4,True
904f626e-28ce-4811-b6fb-c7b2ae1b931f,Open,Matthew Jones,2024-07-31,High,84.70018198525172,Customer Satisfaction,2,False
69b3ed4a-8e3b-4ad3-8642-36eb686f260d,Open,Matthew Knight,2024-08-02,Medium,63.850038322350414,Customer Satisfaction,2,False
1c76ae98-178d-45c9-b59c-f4e241be6680,Closed,Nicholas Arnold,2024-06-26,Medium,61.66238550053331,Revenue Growth,2,True
9ab80811-a660-4c66-b7d4-863ddfa58e16,Open,Jeffrey Murphy,2024-07-13,High,70.3806924702562,Revenue Growth,2,True
fe284db2-83b6-46ad-b33d-bf69960425c5,Closed,Dylan Whitehead,2024-05-02,High,81.86856813767152,Innovation,1,True
b9887383-e33b-4c73-abae-e58221f57b91,Closed,Edward Bowman,2025-04-01,Critical,85.27590012340167,Innovation,4,False
69d8b3af-1add-414f-beca-40aaafce15c8,Closed,Kerri Parker,2024-01-30,Critical,88.33173567326492,Innovation,4,True
6eaeb476-7815-43b4-8de9-1939597aa267,Closed,Kyle Mack,2025-03-23,Low,96.09376308431466,Innovation,4,False
f7fa35f0-5bb4-46ec-861d-5b7bf72e56f0,Closed,Arthur Nguyen,2024-11-13,Medium,84.08046027126798,Cost Reduction,3,False
acae300e-a6ea-4580-907b-ea34cfc712c9,Closed,Tammy Anderson,2025-02-14,Low,89.26122383744641,Process Improvement,4,False
9578f5dc-0155-4948-8e09-aaf3108255c9,Open,Brandon Johnson,2024-10-21,Medium,84.95837765051091,Process Improvement,2,False
39f7fdb8-c3a2-422e-ac6d-41ffff07f3d0,Open,Eric Kim,2024-03-18,Low,87.06932481222591,Innovation,4,False
1263c4f5-acf3-43f8-bb33-6469e8af0604,In Progress,Misty Russell,2024-07-18,High,74.96279125192963,Revenue Growth,1,False
ac4dc75c-a213-4c0f-abcd-f3f4da10011e,In Progress,Benjamin Pena,2024-05-26,Critical,66.45433267578723,Customer Satisfaction,2,True
d16a7335-d7a3-41bb-8bb9-3d379a49478f,In Progress,Stephanie Mclaughlin,2024-12-06,High,74.11760560104587,Innovation,4,True
c7ed490a-442a-470d-87f1-6378e4fc750c,Closed,Amy Patel,2024-01-08,Medium,70.97812057552689,Process Improvement,4,True
2ec92239-9dfb-41e2-83ca-8e3955e3d1ed,In Progress,Eric Wilkerson,2024-07-15,Medium,75.12766587369615,Process Improvement,1,False
407b27f2-9b77-40cc-bdd7-4083370284ee,Closed,Tina Schwartz,2024-08-17,Critical,70.17255899857696,Cost Reduction,2,False
fdb2f677-45f7-4da7-8925-67eeda4e8559,In Progress,Andrea Flores,2024-10-16,Medium,64.11109120702561,Customer Satisfaction,3,False
3e099eaf-468c-43f0-9223-4b53872f9e99,In Progress,Andrew Hill,2024-04-26,Medium,87.9410620658997,Innovation,4,False
2f261954-c133-453c-a6c2-7981ff38d46c,In Progress,Elizabeth Williams,2024-07-17,Low,75.29142302252498,Process Improvement,1,False
873484d3-7636-44b2-b71d-b613474af4a7,In Progress,Spencer Gray,2024-10-14,Medium,89.39694093537486,Cost Reduction,2,False
4ab0b84a-909e-43b0-9cfc-ba4be1c80e84,Closed,Andrea Wilson,2024-02-07,Medium,83.28486075516216,Process Improvement,1,False
d012ec4b-d22e-4d95-97d8-de06ca2d5b01,Closed,Michele Steele,2024-05-30,Medium,83.23818389501433,Revenue Growth,2,False
1f2a6702-e19f-4a45-89c6-5e28ffbe690d,In Progress,Chelsea Perez,2025-01-21,Critical,83.0286251623869,Cost Reduction,4,False
6f00d531-c435-46a1-8cb2-1befb7fb3144,Closed,Keith Brown,2024-09-16,Medium,82.07511813806045,Innovation,2,False
1bcd7f9c-78cd-49cd-b749-ae03a6cb8ded,Open,Paul Palmer,2024-12-22,High,71.30474328557088,Process Improvement,3,False
6f769e7d-2a74-489b-916f-b865c1434b5a,Open,Casey Aguirre,2024-10-23,High,80.42237668707425,Process Improvement,2,False
fcd6708b-0a9d-480a-9812-225e8ff6ce46,Closed,Joshua Hall DDS,2024-10-19,High,99.45821255181139,Revenue Growth,2,False
c278fb4b-e248-4ac2-a407-351c82fcd7ad,In Progress,Danielle Brown,2025-01-18,Medium,88.01101124312402,Customer Satisfaction,4,False
9c57b4cc-0d68-4c0a-92dc-e28bfc74c054,Closed,Tara Ballard,2024-08-03,Critical,84.55132380391687,Innovation,2,False
a23acd0d-dfef-457f-963b-3100c5f455e7,Open,George Drake,2024-08-15,High,67.69331926420446,Cost Reduction,3,False
dbad9204-552c-485e-8907-2c02ef661e7c,In Progress,Sylvia Harris,2024-02-19,Medium,64.11818864402768,Process Improvement,4,True
559089d1-d9de-4563-82b6-e3a64a04e035,Closed,Johnathan Adams,2024-05-04,High,88.26602732096518,Innovation,1,False
08800511-5eef-4faf-b582-7f0dbb822828,Closed,Anthony Miller,2024-01-05,Medium,83.15882152421884,Revenue Growth,4,True
66e4e169-690d-4cff-95ad-836c3a2c6e02,Closed,Sabrina Butler,2025-01-19,Medium,87.23810876206868,Process Improvement,3,False
2f060d20-cd5c-4702-aea2-cc753d8e042d,Open,Crystal Smith,2024-04-27,Medium,86.467349194945,Cost Reduction,1,False
886eae4c-e660-4745-bd20-e757f1dfd4e4,Open,Jeffrey Spencer,2024-08-21,Medium,87.7811909368933,Revenue Growth,2,False
d5368946-e045-4e18-8969-8d5846e2ac57,Open,Travis Smith,2024-08-10,Medium,73.63047234470385,Cost Reduction,2,False
6a38cc3e-661b-40a2-ba71-0cecece1585c,Closed,Mr. Keith Mclaughlin,2024-06-05,Medium,65.78434194821429,Revenue Growth,4,False
fe92f1ac-f010-4415-b391-e9a39d33fd7b,Open,James Williams,2024-03-23,Medium,70.11336537989251,Process Improvement,1,False
1309c3a0-1ae3-4f1a-a538-5663d876503f,In Progress,Kimberly Jimenez,2024-11-27,High,62.602133095450675,Customer Satisfaction,3,True
34357d27-c6c2-47bb-a0e6-3ca94b044a69,Closed,Antonio Keith,2024-03-20,Low,67.82355831196331,Customer Satisfaction,1,False
cad42e27-9425-4e7e-a487-b85eaebaa5ae,Open,Brenda Mann,2024-03-11,Low,67.84659452446178,Process Improvement,4,False
3f0c7841-21d5-4197-ba5b-2062ea4b933c,In Progress,Jessica Stevens,2024-07-07,Medium,75.07561413715169,Customer Satisfaction,2,False
4cd49e79-a173-4801-93ba-69ebb4f94e51,Closed,Lisa Ray,2024-10-17,Medium,88.7208161056568,Process Improvement,3,False
418e091c-b7c7-4fea-ad00-1d88627889cf,In Progress,Joseph Chang,2024-12-25,Medium,87.38390664849312,Innovation,3,False
f0362a08-fa15-49e2-a318-1cf158006d30,Closed,Evelyn Hubbard,2024-03-08,Medium,73.4024393248945,Innovation,4,False
76473307-7f69-4677-8770-c3dbafb3cac6,Closed,Erica Owen,2024-05-02,Low,84.04313557933295,Cost Reduction,1,True
4b1b2a8c-b128-4f3d-9e1a-514455980e05,Closed,William Jones,2024-07-04,High,81.5075389854195,Innovation,2,False
b00859af-9c33-42c1-8599-82924dca9937,In Progress,Jason Choi,2025-03-19,Medium,73.70395427135628,Cost Reduction,4,False
676c8fb3-a825-4591-abef-4f9a3e4395ec,Open,Savannah Merritt,2024-07-14,Medium,84.49359677799391,Process Improvement,1,False
6f3da1e1-ea88-49a9-b466-1483e2291729,Closed,Amy Cooper,2024-08-06,Critical,89.8237098143076,Customer Satisfaction,1,False
c84fee20-7fb5-4b77-a307-fa35f35bd091,Open,Kristopher Johnson,2024-07-26,High,89.34999854772303,Revenue Growth,2,False
0f80325c-7cc1-400b-94e3-62a86e0e63bd,Closed,Laura Wong,2024-03-07,Low,71.32489048890297,Customer Satisfaction,4,True
439fbfb9-8d69-4e12-95d9-c9847c91c3c8,Open,Maria Lopez,2024-12-25,Medium,82.54694174645218,Process Improvement,4,False
ffeb6550-842a-41c7-9a3f-56ce9b6a716a,Open,Donald Smith,2024-05-02,Low,75.95800825490277,Customer Satisfaction,1,False
ff3e9337-d399-4536-a2d4-e1d5f9c2c54d,Open,Lindsey Thompson,2024-07-18,High,93.2039537160457,Process Improvement,1,False
dd840e99-23a2-45a3-ae80-d68780500795,Closed,Joshua Perez,2024-05-03,High,80.16070910616656,Cost Reduction,1,False
f995820a-e6bc-43b9-93ce-b1ea7e67e20a,Open,Carla Chaney,2024-12-08,High,83.281908643941,Revenue Growth,4,False
4252398a-656d-4185-a40d-a7593a52e121,Open,Christopher Smith,2024-10-31,High,80.17595704310742,Innovation,3,False
ecbb1b40-9a8c-4e90-9cc7-138bef93ba6d,In Progress,Amy Robinson,2024-04-19,Low,91.1343623621047,Innovation,1,False
ea3f30ab-24a9-4d78-a1a7-ade86f270906,Closed,Penny House,2024-08-25,Medium,80.14027574237167,Cost Reduction,2,False
5d7c7d8e-4464-4b67-bf05-ea502e94c8ac,Closed,Jimmy Hernandez,2024-04-03,High,74.2055646123666,Process Improvement,4,True
b8300372-2d28-4f49-ac2f-843b2fd4a02f,Open,Jonathan Brown,2024-08-06,Medium,76.71860274597819,Cost Reduction,2,True
9cb3f7d7-a5f7-407c-8b1e-ba9587ff1a84,Open,Bianca Myers,2024-12-27,High,85.41400157758835,Process Improvement,3,False
988d1798-c561-4d3a-8954-27e4f0d1e2c9,Open,Jennifer Sims,2024-08-28,Critical,86.20861375468618,Customer Satisfaction,2,False
bf8c841e-8f60-4332-89d3-b1759c1b7bac,Open,Daniel Douglas,2024-06-27,High,88.7105928158002,Revenue Growth,1,False
e9724a3f-6e2d-40b3-99a6-07f2788b7b75,Open,Lisa Nichols,2024-08-08,Low,87.43323890326764,Cost Reduction,2,False
e0b0874e-9ad3-49cb-933a-2174e7b4f34e,Closed,Christine Davis,2025-01-15,High,71.41985233118768,Revenue Growth,4,True
999be219-b0b2-445c-8d08-09d0a2c7863c,Closed,Elizabeth Bates,2024-07-12,High,84.08449865460062,Innovation,1,False
baaae564-984c-4a39-b416-6194973ffa5a,Closed,Julie Brown,2024-03-20,Low,85.92254524408446,Process Improvement,4,False
a7595f99-d8e9-475b-9187-ca5e575acd65,Closed,Denise Alexander,2024-07-18,High,64.5723423055243,Innovation,2,False
e0a92031-e7e2-4e35-af6b-993a87f74dc2,In Progress,Joshua Mitchell,2024-07-23,Medium,80.54539837037719,Revenue Growth,1,False
cf14712c-4207-4d68-b35d-55710c8b4a9b,In Progress,Justin Webb,2024-09-23,Medium,98.33798779388734,Process Improvement,2,False
eb325a54-9696-4037-8b6f-fa6acb876057,Closed,Elizabeth Henry,2024-12-30,Critical,82.93016530716058,Cost Reduction,3,False
458e069c-a804-4560-a8ba-2ebd5d8409dd,In Progress,Ashley Smith,2024-04-09,Critical,81.20900237826038,Revenue Growth,1,False
4a14bc56-ad0b-4a85-a71d-8a2df8d52637,Closed,Russell Mcdonald,2024-11-24,Medium,80.3345229520526,Cost Reduction,2,False
29fb7f44-777c-4ad7-a194-316501e18520,Closed,Michael Camacho,2025-01-26,Low,72.91719626028113,Cost Reduction,3,False
adad2423-3baa-4d55-ad8d-c3470683e93b,Open,Michael Smith,2024-11-10,Medium,87.08882201721143,Revenue Growth,3,False
25b38fbe-928d-41a4-9b10-c2a152bf753b,In Progress,Krista Mckenzie,2024-05-29,Low,66.77571757882266,Customer Satisfaction,1,True
c0cebe78-4ec8-438f-894a-311eabfa0a6e,Closed,Dr. John Francis,2024-02-17,Critical,79.10244226666916,Customer Satisfaction,1,False
68ebc648-0d61-4b5d-a738-dead2a8de5d6,Closed,Charles Coleman,2024-11-11,Medium,89.3198766986937,Customer Satisfaction,3,False
79a25ba6-1096-4e97-be1b-d8795ab810cc,Open,Brianna James,2024-09-11,High,62.23044179776953,Innovation,3,False
b90a090a-d171-4e8a-b4ad-3231aab886a9,In Progress,Edward Franco,2025-04-21,Medium,88.84407569628017,Revenue Growth,4,False
aa56d374-050d-4455-9951-7a9e1e43c2cd,Closed,David Johnson,2024-10-06,Low,96.98884850578854,Process Improvement,2,False
9421673b-a282-4574-aa91-ad5fbb7b5008,Closed,Alyssa Rodgers,2025-02-12,High,62.352830730555844,Revenue Growth,4,True
f9697e6c-697d-4f12-bfe1-47af3feb571a,Closed,Hannah Todd,2024-12-07,Critical,83.07016960096327,Revenue Growth,4,False
e68a63b4-802d-4fa1-bf29-485c90991f51,Closed,Hunter Cordova,2024-11-02,Critical,66.8441516956265,Process Improvement,3,False
39e37a27-2122-4377-8b7d-4dc43c10aad4,Closed,Katherine Davis,2024-12-07,High,78.55847670779664,Innovation,3,False
c19378b3-3e14-4f50-b8ec-accb2bdf70de,Open,Emily Davis,2024-08-25,High,82.18965866929784,Customer Satisfaction,3,False
3fecb54a-8a0f-4f26-a8dd-c287ba595d42,In Progress,Juan Conley,2024-09-26,Critical,63.06694242339738,Process Improvement,3,True
095e84f6-2424-427e-bee2-56e990996451,Open,Kathryn White,2025-01-22,Medium,62.68856525881162,Innovation,3,False
ba8fa6a1-4fdc-4ead-bf53-185ee8422c2f,Closed,Cheryl Fitzgerald,2024-07-26,Low,94.49687688069582,Cost Reduction,2,False
4d412eaf-a496-4242-a174-ea66920e92ab,Closed,Michael Smith,2024-10-07,Medium,89.8624788442157,Customer Satisfaction,2,False
1758c764-664a-498c-9cf5-138a12acf50c,Open,Theresa Sanford,2025-01-25,High,67.55099213366708,Process Improvement,3,False
8a5d02a7-2ad0-4c8a-bbb3-f3fa6ad58e04,Open,Robert Buchanan,2024-10-18,Medium,69.96651645934881,Revenue Growth,3,True
af526247-dd78-456b-827f-8f5b6442b431,Closed,Gilbert Pineda,2024-09-30,Medium,89.2267612951382,Customer Satisfaction,2,False
10fdfd93-08fa-4b3e-a006-2e4923dc71a5,Open,Cynthia Lopez,2024-10-03,Medium,71.94718747632024,Revenue Growth,2,False
cbab9669-42ef-4bda-98e4-314100efc3bd,In Progress,Mark West,2024-11-25,Low,83.57599595031182,Revenue Growth,2,False
934a2835-1e26-4bdf-a0a0-a5dcaf170623,In Progress,Sarah Estrada,2024-09-18,High,94.54426727617118,Innovation,1,False
6d9a3e72-0bcb-4f52-b72c-26cb9aed535d,Closed,Spencer Hawkins,2024-03-23,Medium,72.27424770734704,Cost Reduction,4,True
32bb2646-c8a4-453f-b278-88345eab59b1,In Progress,Lisa Morgan,2024-02-28,High,62.21895406746865,Revenue Growth,4,True
52193033-806b-453c-9910-2a349cca0769,Closed,Melissa Bishop,2024-11-08,High,72.5490207695168,Innovation,2,True
aaf715c7-75bb-495d-8e12-dc5f9b878cd2,Open,Matthew Burke,2024-07-19,Medium,87.1001763889698,Cost Reduction,1,True
360a7b28-2189-47b8-81c4-e9ac12fb332d,Closed,Karen Adkins,2024-02-03,Medium,83.88693193281938,Customer Satisfaction,4,False
35d6d6c3-1f45-423b-b09a-8516f224bdd5,Open,Amy Walker,2024-10-21,High,80.62993226391868,Innovation,3,False
bde3c36c-0cac-4983-8bc5-b82ae1b5a012,Open,Michelle Foster,2024-03-11,High,89.9310817624396,Innovation,4,False
e8084295-baf2-4063-bfe8-81110f99577e,In Progress,Daniel Hobbs,2024-11-05,High,86.86133361687253,Cost Reduction,3,False
8ad9d6ab-c16c-4f95-ba7c-031e0960ffb2,Open,Tina Downs,2024-07-08,High,69.56728422653102,Cost Reduction,1,True
e4ba7f97-f222-4dcc-b580-2307575b1474,In Progress,Michael Mitchell,2024-03-15,Critical,64.9306227855211,Process Improvement,1,False
f1ebf1a4-6428-4b47-a922-a000b6ea17dc,Closed,Melissa Curry,2024-05-08,High,73.86162472483267,Revenue Growth,4,False
b93ab9b5-c786-4d26-b31e-552c4195aa9d,In Progress,Thomas Gibson,2024-02-22,Medium,86.49292123257915,Customer Satisfaction,4,False
51b4b6f6-e8cd-4ceb-bf54-484839556c6f,In Progress,Mark Brock,2024-07-31,High,95.9900471377342,Revenue Growth,1,False
bccde657-866a-4481-b51f-1b15d6469006,Closed,Julie Garcia,2025-02-23,High,92.78217171332301,Customer Satisfaction,4,True
df9e0376-603c-4d69-bba1-8f978e15e90a,Closed,Diane Thornton,2024-12-08,Medium,65.1758253903102,Process Improvement,3,False
367fade2-85a2-457d-8c38-bdd08f09041d,Closed,Gabriel Lee,2024-05-26,Medium,87.46612141928621,Process Improvement,2,False
9a157550-41cb-4704-8e02-de73eaeeae81,Open,Marcus Wheeler,2024-04-22,Medium,74.6001064707715,Revenue Growth,4,False
a9352a17-8112-4eb1-988f-f005b3384e1c,Closed,Amber Martin,2024-09-29,High,92.3881995757835,Process Improvement,2,True
a2a09607-d426-41af-a719-e24840aaa2a2,In Progress,Ryan Glass,2024-10-19,Critical,74.84909543599211,Customer Satisfaction,2,False
ad21b38e-47ec-46cc-89a6-8cb90a699c01,Closed,Luis Crawford,2024-03-18,Medium,60.925821169290145,Customer Satisfaction,4,False
386ae9ac-9695-47f1-ac70-c1c8371f347f,Open,Patricia Figueroa,2024-04-08,High,95.45095276324743,Innovation,1,False
a049f166-aba9-4cc2-b5d5-8bcbacdfec8a,In Progress,Hayley Davis,2025-03-17,Critical,87.33723544210842,Cost Reduction,4,True
9947e3dd-539c-4e1a-9598-7be83a198e4c,Open,Lori Clarke,2024-05-08,High,99.98625338557815,Customer Satisfaction,4,False
5a78b3bd-dcca-453e-afbd-d9b8aae85f5c,In Progress,Melanie Barnes,2024-11-04,Low,83.2689494964232,Cost Reduction,3,False
a05b8501-b99d-488e-a808-78c6f87e4d19,Open,David Pittman,2024-05-08,Medium,64.17704897780328,Innovation,4,False
923194cf-6797-4e34-a32c-ce23bc135401,Open,Stephen Smith,2024-01-11,Medium,99.58000312805977,Innovation,4,False
320a4324-7ace-4d18-a2ba-290c57eaea33,In Progress,Brittany Hardy,2025-02-10,High,62.85675491443028,Innovation,3,True
ecdd407e-3b0f-4819-b978-f15f01dc19e1,In Progress,Thomas Huynh,2024-11-05,Low,64.38730330274883,Revenue Growth,3,False
1f74cea6-2415-43b2-bb21-716bfc8b618a,In Progress,Janice Thompson,2024-08-19,Medium,71.25516983538681,Innovation,2,False
fd40b213-5078-4866-a937-128f25f1fd05,Open,Ricardo Hernandez,2024-11-25,Medium,73.64086947223262,Process Improvement,3,True
4b9d6f9e-540c-4903-a70f-a1443d950552,In Progress,Travis Nunez,2025-04-22,Critical,79.92431462495527,Cost Reduction,4,False
20364c0c-9651-473a-87f7-c7f4458a3f6b,In Progress,Michelle Melton DVM,2024-12-08,High,69.68595448769858,Customer Satisfaction,2,False
288ee3c8-cb22-4048-833a-edfa8126067d,In Progress,Angela Wagner,2025-04-05,Medium,86.82463974115669,Innovation,4,False
64a03246-8ecb-4b0c-9d9e-c61d529bb647,Open,Valerie Palmer,2024-06-17,Medium,80.01351863024209,Customer Satisfaction,2,False
81c9a1bc-f90b-4f74-86da-7c0ae095c011,In Progress,Hannah Gomez,2024-04-26,Low,87.20870766794522,Process Improvement,1,False
2c0b9642-f162-4f45-9976-10273f802472,Open,Megan Bell,2024-03-10,Critical,72.8769282226604,Process Improvement,4,False
b7d148f1-f4c7-4492-9bbe-58adc5dedb40,Open,Hannah Morales,2024-02-11,High,88.90133753557309,Cost Reduction,1,True
198dcb6c-f9b3-420e-8f10-0f9caa786a22,Open,Mark Cunningham,2024-05-28,Low,66.8684060237713,Customer Satisfaction,1,False
26a3120a-1b6d-49a5-97a4-21513d24f24c,Open,Robert Williams,2024-05-08,High,93.54274155838088,Process Improvement,1,True
40f9676a-e5b3-4f5c-b37a-436f25de9e7e,Open,Allison Miller,2025-04-12,Critical,78.84240115022708,Revenue Growth,4,False
29fd43da-6fdf-4204-8375-8f95716db6ca,Open,Sandra Gilbert,2024-12-26,Low,63.69471667473925,Cost Reduction,3,False
c77b3240-2aed-48d2-858a-a77f8003fc5a,Closed,Derrick Hawkins,2024-03-02,Low,79.33861704563694,Process Improvement,4,False
304bc000-ab34-4164-a190-a02c8eb5381b,Open,Michelle Turner,2024-05-25,Medium,69.04948000731596,Cost Reduction,1,False
576a3ce3-f98e-4ec4-af49-d55f04354b46,Closed,Ms. Lisa Fleming,2024-10-11,High,95.87556063453428,Customer Satisfaction,2,True
01c49739-cc31-4454-ad10-c9e033795076,Open,Samantha Jenkins,2024-07-28,Critical,86.66173584260723,Customer Satisfaction,1,False
24a28942-e47b-4275-9499-1a7a5cdd1ec5,Open,Daniel Brown,2024-11-10,Critical,65.18310936452283,Innovation,3,False
96a9b86e-8431-4c7a-8da4-51bacdcddcb1,In Progress,Kathy Thompson,2023-12-16,Medium,98.9735999389425,Cost Reduction,4,True
67c1b253-00b1-45f8-8e2e-481d6e1905a8,In Progress,Carlos Heath,2024-07-05,Medium,72.068322319335,Innovation,1,False
387495f4-8d84-4911-8753-decad984c6a9,Closed,Daniel Bishop,2025-01-03,Medium,84.06394987915655,Process Improvement,3,False
6d51a15a-e95b-466a-8d3b-769bdaa2be1f,Open,Ernest Brown,2024-05-09,High,88.60283930148216,Cost Reduction,1,False
79303ce6-bc0f-4fcb-8556-0092c1fa68e4,Open,Jamie Singleton,2025-01-17,Critical,86.18580127747052,Customer Satisfaction,4,True
e888e37c-fa04-4cd0-8736-97bdcdc37b84,Closed,Brandon Choi,2024-10-30,Critical,88.59048605264093,Revenue Growth,3,False
6094b88a-e8de-420a-a59c-be228f97a430,Closed,Abigail Parker,2025-01-31,High,81.98807512665124,Revenue Growth,4,True
fe3bbf3f-1e54-4c7b-938f-d8c7f6ab372c,Open,Jessica Lynch,2024-08-25,Medium,89.25151763334534,Process Improvement,2,False
600bbfc7-bccd-48e8-bb5e-079de0131738,Closed,Michael Hoffman,2025-01-17,Medium,83.14619962202252,Process Improvement,3,False
cd75b448-7713-4a0c-9de6-568b7e140604,Open,Alice Short,2024-11-17,High,89.43529179155476,Innovation,3,False
a7f816fa-d95d-40f1-b112-bb8a8a2ba6fd,In Progress,Nathan Malone,2024-11-13,Low,82.2199748431973,Cost Reduction,3,False
8c99d78c-5e76-430e-8f44-4ab0323b68cd,In Progress,Gregory Todd,2024-11-19,High,82.38801859349623,Process Improvement,3,True
3b184e0f-be27-4a0d-93f4-d80f25a50a7f,Closed,Kevin Burns,2024-06-12,High,62.067793133182356,Innovation,1,True
113232ae-6aa1-4e39-a0aa-17573413cafc,In Progress,Michael Anderson,2024-04-24,High,68.74785271968098,Innovation,1,False
c9458cd0-a516-4061-8ec0-c96753a5ee96,In Progress,Olivia Flynn,2024-04-14,Medium,83.27657867865766,Innovation,1,False
a4ba84cf-461d-49ee-a1d0-03abc38e6e36,Closed,Jordan Jacobs,2024-07-29,Critical,96.79148013792349,Customer Satisfaction,2,False
6d480ad0-5812-4466-80a9-95c56393e3ad,Open,Taylor Cuevas,2024-04-24,Medium,63.11847058054679,Customer Satisfaction,1,True
0f245f89-7287-4adc-8261-9da081d36c0c,Closed,Lauren Terry,2024-12-23,Medium,68.39475812607108,Cost Reduction,3,False
d621dd14-7e93-4b74-8603-0f41f73386a4,Open,Zachary Lin,2024-12-07,High,77.42311882128797,Process Improvement,2,False
00cebde6-258a-4e01-a2c1-0f0bda2b391a,Closed,James Hernandez,2024-10-16,Critical,85.2198187784722,Innovation,2,False
fdc21326-0f10-4fbb-a8df-dcdfee3adcbb,In Progress,Brian Berry,2025-01-09,High,95.40293240319312,Process Improvement,3,False
2026a66d-6fa8-4be7-a59b-0eb565d54e24,Open,Victoria Singh,2024-09-11,Critical,70.74862337812067,Customer Satisfaction,3,False
38fc5447-1fe7-4a1e-af5b-617eef0576d0,Open,Maria Morgan,2025-01-21,Medium,93.93755966474153,Cost Reduction,4,True
7591ffa0-e754-416e-8dad-a505760cc899,Open,Tricia Becker,2024-12-10,Critical,61.46851852771268,Revenue Growth,3,False
c99097de-80b5-467d-bb94-9157ce3beeb2,In Progress,Brenda Bailey,2024-02-17,Critical,76.50362676006242,Customer Satisfaction,4,False
fbeed9bf-256f-48a1-a6aa-3ea346fd3506,Open,Corey Michael,2024-04-10,Medium,99.65134474967243,Revenue Growth,1,False
4164ee02-7c3c-4bc1-98f7-e77180d31495,Open,Rebecca Nelson,2025-01-26,High,84.38241274840843,Cost Reduction,3,False
adb308e6-c0f9-408d-93f5-524c43c97080,Open,Katelyn Love,2024-03-19,Low,85.41826303959402,Customer Satisfaction,4,False
742dacd9-4cf6-4383-a3ff-9fd7303c2836,In Progress,Kristen Anderson,2024-10-14,Low,94.48861694261412,Cost Reduction,3,False
b86034c4-a89e-4b84-9f33-6564dc1878f5,In Progress,Zachary White,2024-10-30,Medium,68.24945307072727,Revenue Growth,2,True
dba3fda5-65d7-4ea8-ae6d-d9c86ce9da0c,In Progress,Jill Daniels,2024-06-12,Medium,97.65557148317824,Innovation,2,False
b7c01431-e9cd-48a4-a5c6-8815af8f7c45,In Progress,Christina Moore,2024-02-10,High,83.91593825649039,Revenue Growth,4,False
7b1e1e49-f832-400b-aa65-1dac7b480353,Open,Steven Allen,2024-07-13,Low,70.32102359369628,Process Improvement,2,False
cb142f55-cb25-4b17-9e33-fe7239edaeeb,Closed,Jose Flores,2024-07-11,High,97.91529563228627,Revenue Growth,1,False
2a3dcb73-98ab-48db-9897-db39e4ed75db,In Progress,Laurie Norris,2024-09-30,Medium,63.00403011914873,Innovation,2,True
a8692704-4850-4be0-b32b-ad653b86f70c,Closed,Paula Wise,2024-07-04,Medium,77.27076325859989,Cost Reduction,1,True
0b8bb29f-c063-4dc5-b8d4-109601ce31c5,In Progress,Nicole King,2024-07-30,High,70.76349398061186,Innovation,2,True
ba7e3453-b16c-4514-bdc8-703fc0bd8247,Closed,Holly Chapman,2024-06-01,Low,96.20802326226627,Innovation,1,False
2463ba59-4091-4f46-8ef8-c0dc8825e526,In Progress,Wayne Ayala,2024-05-24,High,80.39855979777106,Cost Reduction,1,True
133c5868-fc2c-4dad-a4e2-087ff40019c7,In Progress,Austin Davis,2024-04-11,Low,65.32379617961811,Revenue Growth,4,False
a1b23286-ba7f-4b3e-836f-f67497117a14,In Progress,Kelly Sanders,2024-10-16,Critical,85.82008399774652,Revenue Growth,3,False
a6dd4b0b-5258-4992-a9e0-a99e5d275ea6,Open,Michael Dalton,2025-02-07,Medium,64.72511658050537,Process Improvement,3,False
c2203c06-a7e5-4b15-bba1-5a05d0800955,In Progress,Zachary Young,2024-11-17,High,83.6097537778673,Innovation,3,False
87dd5fca-0c44-42bb-a4e6-7f89d4d5bc53,Open,William Swanson,2024-08-20,High,98.97396319699806,Process Improvement,2,True
d42606bb-76a8-4b73-a9b8-9657cffb631f,In Progress,Shannon Cordova,2024-06-26,High,66.62685751311037,Process Improvement,2,True
74072a17-0fb9-4b1f-b984-549bda959ab0,Closed,Christopher Chen,2024-10-07,Critical,97.70640506790275,Cost Reduction,2,False
0133395e-bb06-4bae-841d-7b351910175d,Open,Donald Summers,2024-09-21,Critical,95.74040012181321,Revenue Growth,2,False
38876e75-e004-40e6-97db-c9d20d13723a,Closed,Olivia Matthews,2024-03-20,High,74.79245980421543,Customer Satisfaction,1,True
77efe8a5-f080-48bd-9d99-d047c667ac8b,In Progress,Michael Schmitt,2024-09-10,High,82.74730630677053,Customer Satisfaction,1,False
9077e2a0-9f54-4b21-833b-3fc3ad294605,Open,John Robbins,2025-03-21,Critical,82.09450096997625,Cost Reduction,4,False
c58b2f4a-0fdc-4489-a19e-b47b125e4ac9,In Progress,Jesse Burns,2024-10-16,Critical,62.7931405614206,Cost Reduction,2,True
7cbcf953-01b5-444f-843b-610bf12d5385,Closed,Deborah Wilson,2025-01-02,Medium,86.69259811212132,Customer Satisfaction,3,False
3043dec7-bb8a-4d6e-b616-c992ca9e8332,Open,Pamela Brown,2024-12-01,High,87.7672080092074,Revenue Growth,4,False
e5cb14a7-7850-442d-84c2-d3999e1b2d3a,Closed,Wendy Robinson,2024-03-19,High,89.8189655175194,Cost Reduction,4,True
0aacdd97-99ec-4970-bc21-4f76d3540f2d,Open,Angela Lewis,2024-02-05,Medium,74.40985192351225,Process Improvement,1,False
df4d4ae5-d914-4663-893a-f4fac3385727,Open,Tammy Fields,2024-05-13,High,63.465267712254835,Process Improvement,1,False
db8329a1-f1dd-4205-bb7e-baa6de57704e,In Progress,Betty Payne,2024-12-07,Low,87.42041049681495,Process Improvement,3,False
7a4c456d-6e55-4fd6-bc62-d3d9f987990e,In Progress,Roy Carpenter,2024-09-02,Medium,85.11236256403372,Process Improvement,2,False
e3b28135-77aa-4aca-8867-273dd8401efd,Closed,James Nolan,2024-02-20,Medium,88.27973305742525,Cost Reduction,4,True
b208ac25-1c15-4122-981e-879ff1f75ee6,Closed,Edgar Lyons,2024-05-23,Critical,76.06543235936789,Customer Satisfaction,4,False
cddfcd05-da8a-4ee4-8ab4-288721b57f4d,In Progress,Samantha Rodriguez,2024-02-03,Medium,61.041854806714085,Cost Reduction,4,True
dd12517b-e848-4fd4-829d-96b0ccff73f8,Closed,Steve Mayo MD,2025-01-07,Medium,99.68735980498266,Innovation,3,False
bf410c8d-4e7b-4f4b-88ba-4276f5fc4db1,Open,Christina Carter MD,2024-02-20,Critical,89.91807680336326,Cost Reduction,4,False
a0894797-f6e0-470a-b16e-3e69bac2ed43,Closed,Tanya Evans,2025-01-07,High,86.52253610739473,Cost Reduction,4,True
8bb3642c-8026-46c7-8696-aec9234d0066,In Progress,Angela Butler,2025-02-08,Low,75.67686031349427,Cost Reduction,3,False
73c59732-991e-479a-b71a-502d8b066a33,In Progress,Jacob Monroe,2024-09-28,Critical,88.18949954961329,Innovation,2,False
ee0a63a6-e13e-4133-84a5-e5f0fd80ba79,Open,Kelsey Matthews,2024-06-25,Medium,67.92409890511114,Innovation,2,True
919719de-f9fb-4395-a1b2-6bde9a5b78fb,Closed,Jeremy Duarte,2024-06-03,Medium,92.17310528171254,Cost Reduction,4,False
06805195-a429-4d13-b017-2296fe7b9364,Closed,Tyler Peterson,2024-10-12,High,74.25654573459215,Process Improvement,3,False
6ebaa8a2-641e-47f1-bf9b-12cadc1945a6,In Progress,Brandon Butler,2024-04-29,High,85.74704349700723,Process Improvement,1,False
ae72eabc-2226-4984-829d-9533bd2062b7,Closed,Robert Hobbs,2024-05-05,Critical,81.86398239808665,Customer Satisfaction,1,False
31049f9c-46d2-4361-9ee5-6721620a7200,Closed,Toni Roberts,2024-10-18,Medium,86.01566911650677,Customer Satisfaction,3,False
914a02a9-a76d-4557-94e9-bf87b1ef5a40,Open,Carla Jones,2024-06-03,Critical,75.72858651265486,Innovation,1,False
1d80834e-adca-4518-8d0f-d2f33cee473a,Closed,Craig Mccall,2024-03-18,High,73.69346001384241,Revenue Growth,1,False
28dbf42d-9136-4c99-9e91-febae290dd10,In Progress,Aaron Norris,2024-04-09,High,63.716185766721,Customer Satisfaction,4,True
22986ac6-589c-4417-bcce-9e32d3097721,Open,Carl Watts,2024-06-22,Medium,86.99519803289309,Customer Satisfaction,1,False
78b381ef-ae66-412e-bd37-90097534df6a,Open,Allen Hudson,2024-05-02,High,84.28637174622881,Customer Satisfaction,1,True
41782191-1139-4a12-a119-7178af466b5d,Open,Oscar Allen,2024-04-22,High,89.01415067186342,Customer Satisfaction,1,False
238dd91b-e974-4a98-a54d-f16d91f4d82e,Closed,Dr. Antonio Rogers MD,2024-11-23,Low,67.57171324081955,Revenue Growth,2,False
80f1d911-1c42-41d1-98ac-e256aa8bfc92,In Progress,Charles Martinez,2024-04-24,Low,69.06435273823055,Process Improvement,4,False
22e2776b-45e8-423a-80ad-ac8555d72b46,Closed,Renee Garcia,2024-09-03,Medium,85.29851850257332,Cost Reduction,2,False
4ed961e6-eeda-453e-96e4-5004366d06d6,In Progress,Martha Riggs,2024-03-24,High,68.29449749900283,Cost Reduction,4,False
6d19ae45-959c-4db3-aed8-109eb873a0f4,In Progress,Nicole Wilson,2024-06-15,Medium,97.9937408949099,Process Improvement,1,False
47eae007-bf3e-47e0-bf8a-af9b9ceda9f7,Closed,Samuel Chandler,2024-08-19,Medium,67.78278818135966,Cost Reduction,2,True
43c2c4a4-5e63-4486-b99a-6019bf9db455,In Progress,Melanie Larsen,2024-03-13,Medium,65.69745481234052,Innovation,4,False
1df6b496-67d8-470a-8c6d-4e5d0518fc2a,Closed,Henry Jacobs,2024-11-16,Medium,75.21944566820446,Customer Satisfaction,2,False
64c13946-50c2-490c-a38d-56db84966745,Open,Jonathan Fleming,2024-10-02,High,91.18063312216374,Customer Satisfaction,3,True
3500161b-7f49-4ae0-9932-1a1e7c882444,Open,Christina Lee,2024-01-12,High,83.64271310422798,Revenue Growth,4,False
90fa548b-2746-4b9b-a3aa-2a4606f0867c,In Progress,Melissa Miller,2025-01-20,Medium,85.99180109077619,Customer Satisfaction,4,False
63c4d371-fdde-4321-96f5-19c90978c5a7,Closed,James Lyons,2024-08-07,Medium,71.45007659416761,Revenue Growth,2,True
5e717069-8391-4d01-8937-c3330fab95a3,In Progress,Eric Brewer,2024-05-14,Low,99.74383198759013,Revenue Growth,2,False
3f6e5f60-a39d-49c2-acbb-b3848031d90d,In Progress,James Anderson,2024-05-18,Low,78.93098316788085,Revenue Growth,1,False
5fa4cde1-b634-4590-b575-004e7095539c,Open,Cassandra Huff,2024-08-12,Critical,83.1687023475136,Process Improvement,2,False
3fc8ba34-4ef8-421b-8b32-7fcc8ddc73a7,Open,Matthew Mckinney,2024-10-22,Medium,60.14007412740409,Customer Satisfaction,2,False
91050005-1534-4eb5-a359-7e4e66d2b27f,Closed,Donna Collins,2024-08-12,Low,60.53748376892838,Process Improvement,2,False
d2e113b7-0102-4b53-99f1-c1748d913e22,Open,Paul Snyder,2024-08-03,Medium,75.10009436056107,Process Improvement,2,False
a1b2cf07-803e-4dff-8217-8fc63ce453cb,In Progress,James Cervantes,2024-08-16,Medium,75.60865236737652,Process Improvement,3,False
f6b1bf27-c23f-42f4-911e-6cd444c4d0e5,Closed,Matthew Rodriguez,2024-09-24,Low,70.77752659099897,Revenue Growth,2,True
853ec098-5474-4372-ae22-9ef6fbab9f10,Open,Chelsea Payne,2025-01-13,Critical,82.02229857934563,Revenue Growth,3,False
a1c7e55f-2cf7-4c1d-9551-b80784879aab,Closed,William Garcia,2024-10-03,Critical,83.1374899003059,Cost Reduction,3,False
9c675361-e283-430d-86b0-80aaec4a02bc,Closed,Rachel Nelson,2024-06-07,Medium,87.60507525855229,Cost Reduction,2,False
cf9546b5-59e2-42f8-a168-07226f5f80bf,Closed,Sierra Miller,2024-08-25,Medium,69.03349364270377,Revenue Growth,1,False
27dcf2b0-eadf-46eb-ab52-5e75737a3a0f,Closed,Jason David,2024-04-16,High,86.95865775009563,Innovation,4,False
12e14465-dea0-466d-a02e-c83c2b14a6f6,Closed,Frank Gomez,2024-09-13,High,83.33876749791068,Cost Reduction,3,False
7a963ae5-8664-40ae-a8d4-3d71bcb9e2c7,Closed,Tami Martinez,2024-10-18,Medium,84.1538796854323,Process Improvement,2,False
c6a61d70-1bce-4df3-8b47-da51b132ebe6,In Progress,Phyllis Vasquez,2024-09-22,Critical,80.0706579150492,Cost Reduction,2,False
a69fc232-f685-4075-bd08-818f67ca9843,Open,David Shields,2024-10-27,Critical,73.7025370423494,Cost Reduction,2,False
e2e0bf45-2b01-4035-805a-19de0f6c2abc,In Progress,Heather Keith,2024-06-17,Critical,70.80643992161663,Revenue Growth,1,False
a7947e1c-b2ca-4d3a-8856-2618f4c65ffc,Closed,Laura Barber,2024-03-22,Medium,60.29016983181209,Cost Reduction,4,True
819eb88f-a2a4-4bab-a5a5-da8550fda933,Open,Paige Baldwin,2024-02-28,High,81.99203836015269,Customer Satisfaction,4,False
a400b2a2-438e-4ff9-bec6-42051acc1665,In Progress,William Lopez,2024-09-20,Critical,71.57146469277943,Customer Satisfaction,3,False
58b9fcc7-4d0b-4cf9-bb1d-26d8bc8a3e02,In Progress,Mary Vasquez,2024-08-21,Critical,63.11139317215108,Cost Reduction,2,True
d841cdec-c755-4568-aac5-b5afcbff1d82,Closed,Angela Olsen,2024-11-22,Medium,78.34075257826214,Revenue Growth,2,False
8f169d09-1785-49c5-a272-365f7521726a,Closed,Aaron Walker,2024-12-01,Low,61.90008139497329,Cost Reduction,3,False
35374b44-0a10-4ebb-bb95-4e4afbdda846,Closed,Cory Griffin,2024-11-21,Medium,76.95036677062174,Innovation,4,False
e98f4e93-d98b-4355-b1a8-69a04e86a611,Closed,Anthony Jimenez,2025-02-11,Medium,93.27421287839049,Innovation,3,False
6af45bda-6e9f-4874-abae-6782d07eba29,Closed,Daniel Page,2024-10-10,Low,60.349346021577425,Innovation,3,False
22997211-ce7b-48d4-9d66-7c1849fa8253,Open,Kathleen Rice MD,2025-01-27,Low,86.61789685042874,Revenue Growth,3,False
72192c71-7309-4cf9-a3b3-f2fb6a5f0100,In Progress,Emily Ortega,2024-07-29,High,73.77283784244706,Customer Satisfaction,1,False
dccbf3ec-28dc-4d8e-88aa-6232f5a6a809,Closed,Kenneth White,2024-07-29,Low,82.35716893971853,Customer Satisfaction,2,False
0645c6c2-196b-449b-8016-de8642189998,Open,Tanya Nelson,2024-10-17,High,83.75349855516924,Innovation,2,False
eb742736-4d86-4a94-8406-b927cfad6996,Closed,Heather Smith,2024-08-12,Medium,61.628256399167036,Customer Satisfaction,1,False
0d5a8689-28c1-4521-9c98-9df929861a14,Open,Emily Michael,2024-03-20,Medium,70.89883641509269,Innovation,4,True
3a74ed47-d6da-4ad7-82c2-276028df585b,In Progress,Maurice Howell,2024-01-03,Medium,99.2886736690868,Revenue Growth,4,True
b8cbebb8-79fb-48dd-8205-5d71fe79959a,In Progress,Mackenzie Combs,2024-09-27,High,96.43677319837452,Cost Reduction,2,False
d8983069-ce12-4050-b530-44a6f4f870ac,Closed,Reginald Brewer,2024-02-25,High,96.49108287415213,Revenue Growth,4,False
c7209eb9-7109-45df-a3f1-33890c787327,Open,Amy Patterson,2024-07-13,Medium,77.66433323693704,Cost Reduction,2,False
e0c2fbcf-1358-429f-b024-9fc3fcb2e4a7,In Progress,Kevin Miranda,2024-11-22,Low,82.08641790939232,Revenue Growth,2,False
378cfa88-d2cd-4130-a02a-9a13dcf2e6d1,Closed,Jack Martin,2024-06-26,Medium,80.75453137872094,Innovation,4,True
6a26ca04-4c45-47e9-9a25-7cf096a93528,Open,Justin Boone,2024-01-24,High,86.44171701028853,Innovation,4,False
eb87dc65-e1a7-4a6b-9a43-cf6690fbefbe,In Progress,Robert Mcfarland,2024-04-19,High,64.00115493048281,Process Improvement,1,False
f61eac33-c90c-45ea-a2d0-52844aa906c0,In Progress,Tammy Stephens,2024-05-29,High,88.06536232387607,Innovation,4,False
61e39e34-4189-4fc9-b020-2c6074e359af,Closed,Margaret Lopez,2024-06-03,High,63.98015185773421,Process Improvement,1,True
3ca98f96-889c-49e4-9c33-1c9174b158cc,Closed,Michael Wright,2025-01-20,Medium,76.86840634354277,Process Improvement,3,False
89358e5e-b12e-41d3-b26f-17e2f6646e42,Closed,Kevin Ellis,2024-03-22,Medium,90.45459972418405,Innovation,4,True
869bd026-7397-4944-8859-862cafa61455,Open,Karla Stone,2024-09-17,Critical,93.66780657329574,Cost Reduction,3,True
0c66f6e7-bf33-4d72-94b8-616b94676768,Open,Justin Martinez,2024-02-12,High,97.36070747308821,Innovation,4,False
6d132386-130e-49e0-9d86-e0a7e5af684d,Closed,Jenna Sanchez,2024-11-11,Medium,83.90500943336377,Innovation,3,False
a00937e1-4e2a-4e25-96d7-dcf7f9aeae42,Closed,Susan Sanchez,2024-05-10,Low,80.55446289017513,Customer Satisfaction,1,False
89c3aaaf-1917-4b1f-ae17-42786b54bd6e,Closed,Timothy Duncan,2024-03-18,Medium,86.10354276964006,Revenue Growth,1,False
4cd56257-7aa2-4216-b74e-d53135d8230b,Open,Marilyn Bryant,2024-09-09,Medium,83.54851796976526,Innovation,1,False
7d832343-f936-47c6-9ae1-1e3d137069f1,Closed,Timothy Watts,2024-07-31,Low,91.13197241190666,Innovation,2,False
5a085dae-ef6f-45a7-98ee-0814efc5c550,Open,Cynthia Watkins,2025-03-13,Low,64.64417093394859,Cost Reduction,3,False
635d8ff4-edcd-45a3-bb0d-035ba4ae4d70,Open,Ronald Jensen,2024-09-16,Medium,83.6972454725229,Innovation,3,False
e2074c29-3b3d-4b3f-81b0-c53e8361cd96,Closed,Robert Fisher,2024-10-02,Medium,75.61818861995111,Process Improvement,3,False
f1ecca33-7735-4ebb-8cbf-f0795d29fb89,Closed,Timothy Boone,2024-06-23,Medium,93.26668952880554,Customer Satisfaction,1,False
b362bd53-67ce-4a1a-b31d-347100e9d6c6,In Progress,Stephen Adams,2024-11-25,High,84.71065202775607,Innovation,3,True
a6dcffe7-7839-4b21-b2bc-3681a42fac0b,Closed,Elizabeth Davis,2024-12-04,Medium,84.87654327733767,Customer Satisfaction,4,True
49ff1e52-ae22-4635-bc0b-9acedf5fd611,Open,Maureen Miller,2025-02-11,Low,68.48486982838192,Cost Reduction,4,False
071612b0-8ab1-4a12-b276-9ec7f2e2a9ca,Closed,Oscar Johnston,2024-06-26,Medium,79.54584587943086,Customer Satisfaction,1,False
38d2227e-db5b-4c81-b8e6-06c5f459e691,In Progress,Bridget Smith,2024-03-15,Low,75.9961746649438,Revenue Growth,1,False
e191c1d8-c9fc-4606-978f-831d13e37886,Closed,Amanda Castillo,2024-06-03,Medium,63.117804275210105,Revenue Growth,1,False
4d096ed0-f9f6-4bc3-a188-77f1578f732f,Closed,Paul King,2024-10-21,Medium,81.46496058319033,Revenue Growth,3,False
f25b8d89-ced0-4b0f-a57e-86525772e543,Open,John Foster,2025-02-11,Critical,73.53376991232125,Revenue Growth,3,False
566e71fd-5bae-423c-904e-73212bed4721,In Progress,Bryan Kelly,2025-01-20,Critical,78.55048076731806,Cost Reduction,4,False
2c838e88-2ec6-4b8e-bb19-49314132fb28,Closed,Robin Chandler,2024-06-13,Medium,68.6950979650524,Cost Reduction,2,False
ce1d5ab8-c724-41d9-8dc3-17635d73a2d4,Closed,Robert Salas,2024-03-12,High,60.924574540701734,Customer Satisfaction,1,True
568303a7-69d4-463e-acc9-6110ec8213ad,Open,Michael Smith,2024-08-04,Critical,68.84935407939574,Customer Satisfaction,2,False
757e159f-2637-4482-91d5-0898853e34bf,Closed,Daniel Booth,2024-12-24,Medium,86.24300782868335,Process Improvement,3,False
8d47c8f6-db3f-47ef-b7c2-b0cc0154d3ec,Open,Justin Holmes,2024-11-22,Critical,62.55380570248317,Innovation,4,False
1cc1b22f-631a-456e-926c-cc3e3f14331c,Open,Danny Boyle,2024-11-14,High,96.69496733736125,Innovation,3,False
febdb3aa-cfba-49ea-aeec-775eec84a295,Open,Amanda Jones,2024-03-25,Medium,87.97109596209447,Innovation,1,False
238f5dcf-49f1-4b71-ab7c-0609926bec38,Closed,Rebecca Cortez,2025-02-27,Critical,89.74380820267497,Cost Reduction,3,False
5bc7dda5-f669-4017-a38d-150305437312,In Progress,Ashley Williams,2024-06-19,Medium,83.86997138228803,Revenue Growth,2,False
473d738a-63c0-41c0-a910-b22b029419f9,In Progress,Kimberly Leonard,2024-04-15,Medium,77.00585678916278,Process Improvement,4,False
5fc1e3b9-ef8c-4fa4-beca-c155004c7f6e,In Progress,Jessica Miller,2024-05-07,Critical,79.22515633019597,Revenue Growth,1,False
db4c5211-d07c-41a7-b848-3bb2491e241c,In Progress,Nicholas Ramos,2024-07-06,Medium,70.7622480634079,Process Improvement,2,False
cc50b20f-566e-482d-af72-8c099197540d,In Progress,Tara Stewart,2025-03-13,Critical,82.800033374324,Innovation,3,True
ae814013-bb99-4485-9f1a-be015efd35f2,Closed,Casey Hill,2024-03-01,Medium,85.48761818718425,Cost Reduction,4,False
e1942d16-35cb-477b-883d-2faa491cafe7,Closed,Michael Rodriguez,2024-11-24,Medium,90.86938647836237,Innovation,2,False
77946b26-fec9-4fff-bdcc-9e0d015c1ef0,Closed,Angela Cooper,2024-11-29,High,85.71492462404053,Revenue Growth,3,False
999e0dae-8e8d-4605-adb5-f761479d5d2d,Open,James Garcia,2024-12-24,Medium,67.16642413615774,Customer Satisfaction,3,False
0a8dd660-f51c-4890-90b3-43449eedb6ca,Closed,Donald Rios,2024-12-20,Critical,99.35471119675026,Revenue Growth,3,False
4753acd4-e0df-4cac-9d3d-06416a5c7d2f,Closed,Patrick Higgins,2025-01-24,Critical,80.85616881677294,Customer Satisfaction,3,False
d5bf4b65-468d-4afb-915c-850c347478cb,Open,Michael Hunter,2024-04-14,High,79.45574246139924,Customer Satisfaction,4,False
ff2b4557-f4d0-4dee-a77f-5564dce89d0b,Open,Amanda Humphrey,2025-01-04,Low,71.29978708632484,Process Improvement,3,False
49b9de30-0f7c-4f17-9e0c-4c7efe102117,In Progress,Christina Mcdaniel,2024-07-14,Medium,87.21727279340459,Cost Reduction,1,False
19e142c3-6cd4-4bd6-9e5a-66af54fdcea3,Closed,Denise Alvarez,2024-11-22,Medium,78.1263294085706,Process Improvement,3,False
957ae4ba-fb31-4c19-8a29-a1ae2032d105,Closed,Matthew Gould,2024-03-29,Critical,64.50721223359682,Cost Reduction,4,False
07d69c35-29c8-4652-8700-e717a807f4aa,Open,Carmen Mejia,2024-09-16,Medium,74.44549948168458,Customer Satisfaction,3,False
22705748-14d1-4d82-8c50-a6283814d870,In Progress,Ronnie Strickland,2024-12-10,Medium,91.84695320742266,Customer Satisfaction,3,False
ce6279c4-8c0d-4ff4-b8a3-7e6191cf4698,Open,Brandy Grant,2024-02-16,Low,90.33281385276292,Revenue Growth,1,True
45a2201e-4e95-47ab-ab86-6c60ec5a8095,In Progress,Yolanda Perry,2024-10-05,Medium,78.19577693777735,Process Improvement,2,False
a576c375-5c7b-4a86-9bdb-ea1e8f539142,In Progress,Bruce Sanchez,2024-07-04,High,84.61359540391493,Customer Satisfaction,2,False
b5bfdb11-01ab-4716-a69f-bf17e22512dc,Open,Jeffrey Berg,2025-01-28,High,62.065286911237344,Process Improvement,3,True
7aecff3f-3a58-46da-a182-203ce4cd5953,In Progress,Laura Hale,2024-08-02,Critical,80.53103493596501,Revenue Growth,2,False
36ffca90-1970-47d6-bf45-3d293f2670e3,Open,Jennifer Riley,2024-03-19,High,75.94289850518015,Innovation,1,True
4c790be2-4ecf-429a-a8b6-427dc080334f,Open,Travis Horn,2024-05-31,Medium,88.13204521869207,Innovation,4,False
126b2b67-b917-46f0-a4e8-f6d521377c2d,Closed,Jordan Moore,2024-10-30,Medium,88.15264883688842,Cost Reduction,2,False
be67f27f-fb21-4da5-a123-005a0d707853,In Progress,Catherine Powers,2024-03-19,Medium,95.31717780716909,Innovation,4,False
6f73eab3-5435-4b68-b7b8-5da4b88aaad8,Open,Timothy Allen,2024-12-29,High,82.35657207962302,Revenue Growth,3,True
9127faa6-a3b7-4451-a412-7155caf7e91d,Open,Ashley Smith,2024-10-08,Medium,72.7821476723796,Process Improvement,3,False
bda1204a-8abc-43da-84ed-e0a3ed675fc2,Closed,Carol Rogers,2024-04-26,Low,89.75396022512146,Customer Satisfaction,1,False
da427ab1-9e47-47e7-9d6d-9ebf313acb84,In Progress,Jason Russell,2024-06-03,Medium,76.64734068894985,Innovation,1,False
e17f5c69-bd55-4449-a08c-18189cb65aba,In Progress,Erica Powers,2024-06-26,High,79.77848547378609,Customer Satisfaction,1,True
8b51a842-2632-45b8-992c-49c5bf59a816,Closed,Theodore Martin,2024-05-28,Medium,86.76875692618694,Revenue Growth,1,False
41a0be17-1001-4589-aa2b-5edb9e8c7621,Closed,Carl Hanson,2024-11-24,Critical,74.1500598026503,Cost Reduction,4,False
bc75f742-ceea-4da6-9b1f-90ac71e92bbd,Closed,Peter Cook,2024-01-17,Critical,81.73484140284195,Revenue Growth,4,False
3e3bea88-e3df-4cbc-9c95-67ee965bdc81,In Progress,Candace Williamson,2025-03-31,High,88.77944097082471,Innovation,4,True
e46b8cda-8525-4e6b-b358-d9f77e2b94ce,Open,Sandra Anderson,2024-08-09,High,78.45569957110648,Innovation,2,False
7da2ee7d-e5e9-4586-ba7b-10f9854b0aa5,Closed,Todd Thompson,2025-01-18,High,68.27810610376437,Cost Reduction,3,False
ede9a626-61c8-480d-90bb-87c1cdaa0a3c,In Progress,Kimberly Smith,2024-12-07,High,62.05851515811177,Revenue Growth,3,True
63f24866-4661-404c-8853-e1695e2a3068,Open,Kayla Sanford,2024-10-13,Medium,88.89862995196466,Innovation,3,False
3e30979a-503b-4cf4-b86a-cf955f826af4,In Progress,David Hatfield,2024-07-02,Medium,72.21403878321605,Customer Satisfaction,2,False
2b4a53f6-52fd-4363-b0a9-f270bd7bd2ea,Open,Jackie Ellis,2024-04-17,Medium,88.70128048755825,Process Improvement,1,False
b1bb5141-f363-4a35-8be0-98fef3a58c82,Closed,Donna Dawson,2024-03-30,Medium,82.72419855140018,Customer Satisfaction,4,False
fab766f3-67a1-4da2-9878-beec057d92b2,In Progress,Natalie Hutchinson,2024-05-30,Low,95.77312037262291,Customer Satisfaction,4,False
f7b7c6da-9b66-4552-9d4f-e4b77bbed458,Open,Jason Martinez,2024-09-07,High,84.96531134769685,Process Improvement,2,False
09d0b68d-8957-45be-8db7-07b92a4a6637,Open,Justin Hines,2024-11-07,High,87.07075852432342,Process Improvement,3,False
f2a0da29-a5fc-4829-b6c4-f4ec3e0fb508,Closed,Michele Lopez,2025-01-01,Low,82.06287195728493,Revenue Growth,4,False
b09d51fb-3add-414f-84f1-7c7740cd356c,In Progress,Tina Tucker,2024-03-29,High,83.36815441549331,Revenue Growth,1,False
4c2ac3e6-8866-4248-b245-e18cb8ec4a40,Open,Michael Stephens,2024-06-14,Medium,71.13589606151002,Innovation,1,True
573a13f3-5156-42f0-9eb0-aca9a08eb05c,In Progress,Jeffrey Hammond,2025-02-23,Low,84.44185566159626,Customer Satisfaction,3,False
6e0a4825-8915-4f5a-bd43-3f6e80021b4e,Closed,Eric Baker,2024-10-10,Medium,75.07425636365018,Customer Satisfaction,3,False
5aaca830-6676-4e10-8f1c-f1518bbdca5e,In Progress,Kurt Quinn,2025-01-14,Low,60.354599358313465,Innovation,3,False
43e43372-3d89-4f4a-9a3f-7410207f5aef,Open,James Choi,2024-10-20,Critical,76.45690201137566,Process Improvement,2,False
b95431f4-9f26-4ef7-b980-e7c4d865d3f9,Open,Brittany Walker,2024-10-27,Low,66.31597446331969,Process Improvement,2,False
21569595-b452-41a4-a47e-68e42e89e980,Closed,Jocelyn Hawkins,2024-12-15,Low,89.3781735545157,Process Improvement,3,False
f4ad10d6-fc6d-427e-9bfe-70d0fbaa91c5,Closed,Mark Harris,2024-04-24,Medium,65.88189642410958,Revenue Growth,1,True
f41187f0-f934-4e85-8e70-3d345cc32cca,Closed,Katelyn Stout,2024-07-09,Medium,86.79811228425575,Revenue Growth,1,False
ebec1cc4-3802-4ff7-ba7d-a258e4428049,Closed,Carly Hansen,2024-12-19,Medium,77.03503557615934,Customer Satisfaction,3,False
cf6a0e86-8c2f-492a-b2fa-aa7b3af8bfa7,In Progress,Thomas Turner,2024-07-01,Critical,73.49564457191376,Process Improvement,2,False
07249f53-9a70-44a9-8d17-d48632a5b113,In Progress,Carrie Price,2024-08-04,High,60.5950600084128,Innovation,2,False
cea01df0-e1d8-4c9c-9a2d-fef7dbd6df80,Open,Ross Maxwell,2024-02-21,Medium,93.463856802947,Innovation,4,False
3120ce04-0ea9-4b7b-bf7e-b50b95321a62,In Progress,Brandy Rich,2024-08-27,High,86.04772951474239,Process Improvement,3,False
5812b8f0-dc5f-4d88-8822-d3482ea655a7,Closed,Tara Roberts,2024-08-19,Medium,62.373357823938015,Innovation,2,True
f23f5cda-dc3f-4d43-86e1-9b9dcc8853bb,In Progress,Amanda Hoffman,2024-03-31,High,71.86365975541952,Process Improvement,4,True
1ed39f64-1aff-4893-8c16-856d056353c6,In Progress,Samuel Glover,2025-02-02,Medium,60.693032769495225,Customer Satisfaction,3,False
f2c92674-1820-47f3-a428-eac08272e732,Closed,Dustin Stuart,2024-04-28,Low,81.2758479918232,Cost Reduction,1,False
f97a205b-7c7e-4dc3-a08a-42dc643ba2d6,In Progress,Sheila Moody,2023-12-13,Critical,63.11785212064957,Customer Satisfaction,4,True
0d9d5e87-2f46-4071-8b9f-c6214ce26824,Closed,Kelly Taylor,2024-09-30,Medium,68.52525840174268,Customer Satisfaction,3,False
bec01905-0c6e-4de1-b531-ced1b1a22011,Closed,Stephanie Wilcox,2024-02-16,Medium,86.50402633312957,Revenue Growth,4,True
5ee2478c-7773-4316-b63f-81b2a2ef7fa7,In Progress,Amanda Wise,2024-06-26,Low,80.92868630721142,Innovation,1,False
6de9a100-4d48-4aa9-a0d1-3326ccd75414,Open,Holly Scott,2024-08-09,Medium,76.01352393098055,Innovation,1,False
a1cfa21e-7f87-4187-a2be-6e1887dcb362,In Progress,Kristen Thornton,2024-12-13,High,67.79421131813173,Cost Reduction,2,False
77ab16b4-c4a9-4689-bdf8-0cef67a2f758,In Progress,Kristina Wagner,2024-01-02,Medium,60.2495133178912,Revenue Growth,4,True
3e386056-8409-4be0-95dd-dd53b28b7e20,In Progress,Sheryl Cannon,2024-05-12,Critical,83.90302151602909,Customer Satisfaction,1,False
37239b00-d65f-4ffb-976c-684e55998c02,Closed,Felicia Knight,2024-04-05,High,81.44813948954295,Innovation,1,False
b9d798c5-9648-46d5-842b-9e7d904ef654,Closed,Ian Colon,2025-02-03,High,82.93614882229843,Cost Reduction,3,False
268430bc-4ec7-463d-a338-c9dba6362f4b,Closed,Alicia Middleton,2024-04-16,Medium,85.60446070174812,Innovation,1,False
aa83ad36-c801-4096-9fb0-d19953ab24e3,Open,Kevin Ramirez,2024-10-26,Critical,78.6826134082666,Customer Satisfaction,3,False
c5c3f3c5-fab0-4f80-a214-e0930afbdbc5,Open,Sara Hill,2024-04-10,Critical,82.50078405666291,Innovation,1,False
0342cd2f-4a55-4d78-bf95-05796274ca0b,In Progress,Christine Williams,2024-05-09,Critical,69.34730055609167,Cost Reduction,1,False
de525b06-c431-4c53-999c-2d3e1ac767b8,In Progress,Danny Porter,2024-08-15,Medium,88.54932125197824,Cost Reduction,1,False
2f083e89-2f2a-45ea-9961-3aef27b3c4cd,Open,Katherine Blevins,2025-03-07,Critical,96.56504094788663,Customer Satisfaction,4,False
ba8bbc25-18e4-49c7-aed7-9ff4ba18c6f2,Open,Matthew Wells,2024-04-08,Medium,94.70645558401883,Customer Satisfaction,4,False
038a0b81-eada-471d-b47a-d68d209e11b7,Open,Michelle Jones,2024-05-27,Medium,81.84711233724339,Process Improvement,1,False
d65327ea-99f3-434a-ba7b-f18154931b30,Closed,Samuel Whitaker,2024-10-22,Critical,86.62558728130628,Customer Satisfaction,2,False
e8566b7e-ee5f-4c5e-a7e4-22861d156b78,Closed,Stephanie Andrews,2023-12-29,High,68.28300131515343,Customer Satisfaction,4,False
c1570f09-8f30-491c-a684-ec99bc15651d,Open,Amanda Weaver MD,2024-02-15,Critical,80.65219616805291,Cost Reduction,4,False
67476c0f-ddf1-4817-b8c0-f8977a5b6ef9,Open,John Brown,2024-03-02,High,99.3930341298838,Customer Satisfaction,1,False
677127a2-5391-4d8a-ad9a-38457cf3f912,Closed,Emily Davis,2024-10-16,High,63.77482372995679,Revenue Growth,3,True
da5f26e3-6b1d-4c5d-a466-f6a96dbc0f90,Open,Jennifer Craig,2024-07-11,Medium,65.78895897150475,Process Improvement,1,False
09528ed6-21df-4f38-a8b4-afa7d5184acb,Closed,Colleen George,2024-11-25,Medium,73.12500012495178,Process Improvement,3,False
efa513f6-ef50-4e2f-9f1e-27d2b55d02ca,In Progress,Kelly Holmes,2025-01-13,High,74.05184163346688,Revenue Growth,3,False
9e57e417-2b50-43a4-a993-1a4fe5df9719,Closed,Timothy Faulkner,2024-03-17,Critical,76.24817856411175,Revenue Growth,1,False
26fd6bf2-6ba3-45f3-b4df-79596fbf147a,In Progress,Victoria Ward,2024-09-10,High,70.92225591302288,Revenue Growth,2,False
7d0922b4-1e03-41a4-99f0-f16ce64f4bf6,Closed,Tammy Dixon,2024-04-30,Medium,80.49672547673043,Innovation,1,False
6801b8ea-96a5-4233-9402-de4a5656a0fc,Closed,Cody Lawrence,2024-11-29,High,80.87554526853462,Process Improvement,3,True
6c2ba639-8832-4961-a927-bbdcf25224d0,Open,Dan Ferguson,2024-07-04,High,96.72599053212983,Customer Satisfaction,2,False
561dbf16-d7b6-4ff7-a7aa-ca16ed9e98c5,Closed,Kimberly Zimmerman,2024-11-04,Medium,94.35690389139562,Innovation,2,False
5b5e57cc-9e6e-4027-ab27-8c0084d86abe,Open,Joshua Moss,2024-04-12,Low,70.82778153375236,Cost Reduction,4,False
9b889b6e-3004-4077-8973-09dff287eaf8,Closed,Emily Blair,2024-07-10,Medium,61.219594568230285,Cost Reduction,1,False
5625566e-6639-4a8e-b3e1-b450ca161eaa,Open,Monica Molina,2024-04-18,Low,83.78920826213351,Innovation,1,False
e7d23553-a9fc-4584-9ae1-1ee077d2bc1a,Closed,Jeffery Morris,2024-09-17,Medium,82.3832512882756,Revenue Growth,1,False
3b3259fb-2ef8-4c01-b64e-fc58b67837fc,Closed,Tracy Vasquez,2025-02-13,Medium,65.41189615800205,Customer Satisfaction,4,False
afb119ab-6086-4e5e-806a-5f36b75803a6,In Progress,Raymond Lee,2024-04-29,Medium,70.56972225810996,Innovation,1,False
ea1d879d-57a5-49d6-a5e2-ac8f0c440da4,In Progress,Dana Blankenship,2024-12-08,Low,81.7760305084551,Customer Satisfaction,3,False
c4586fe8-fd1f-4003-ac0e-bf0f852ea0e5,Closed,Crystal Ruiz,2024-12-16,Medium,67.62267381549073,Customer Satisfaction,2,True
80202e11-4c40-434a-8e50-dbb82d5fc0f1,In Progress,Julia Reynolds,2024-10-03,Critical,75.52828076520987,Cost Reduction,2,False
4171f277-4b6b-4303-887f-5888f3351b4e,In Progress,Timothy Boyle,2024-07-09,Low,84.65819767341344,Revenue Growth,1,False
085cb4cf-b0a6-4ae1-9445-f8adf54b9b36,Closed,Jason Ortega,2024-10-03,Medium,61.1320890025131,Innovation,2,False
125498fb-8ea7-4231-b72b-87eb99604ec5,In Progress,Laura Marshall PhD,2024-08-10,High,81.83810242570745,Innovation,2,True
b0bd1415-9708-466b-8af8-6ecbe15c0af3,In Progress,David Barrera,2024-12-23,Medium,84.77115733154656,Process Improvement,3,False
689bc497-6ced-4f41-a45c-2f8233a344b9,Closed,James Stark,2024-12-14,Medium,95.60243816016953,Process Improvement,4,False
ca114cb3-80b9-40d6-a5e5-f2300fca3911,In Progress,Paul Davis,2024-10-21,High,79.58337549481053,Cost Reduction,2,False
41d30671-66a8-4b77-b9ae-808bae47d59e,Closed,Darren Taylor,2024-07-11,Critical,86.53663255310083,Innovation,1,False
56d8dcce-b65f-43d3-8078-5d61e3fe57b7,Closed,Michael Haynes,2024-03-21,Critical,77.2576456155023,Customer Satisfaction,1,False
5cf4e85e-dc7b-46e5-b16d-3f3341cf276a,Open,Sarah Mullins,2024-06-27,High,91.42881181021258,Customer Satisfaction,1,False
db98d8ea-cf4e-4f99-90c2-df2ab67e961c,Open,Donald Mcgee,2024-07-11,High,63.91125524685523,Customer Satisfaction,1,True
a484d93e-d195-4ecb-8b48-5a552904d7d1,Open,Robert Russell,2024-05-19,High,78.47990512782606,Customer Satisfaction,4,False
33f673df-aaa3-4304-8a21-8bb89c8dedd8,Closed,Wesley Evans,2024-09-23,High,87.72414242685248,Process Improvement,2,False
375c2133-b574-45a0-b96d-3cd7981aac3a,Open,Peter Moore,2024-05-12,Medium,80.48413660670538,Process Improvement,4,True
c714a6d1-67f3-4463-a45c-ad908e787e7d,In Progress,Christian Robinson,2024-08-25,Medium,87.72639620710282,Customer Satisfaction,2,False
843b2101-84a5-430b-93c1-7f27bbfbffc1,Open,Gary Parrish,2024-08-19,Critical,92.42004885177757,Cost Reduction,2,False
6837e854-8eea-4e6f-a773-6e4020397a13,Open,Claire Thornton,2024-04-17,High,69.95630157195245,Cost Reduction,1,False
925ad5ee-70f2-411f-bfda-339cebb60806,Closed,Leslie Osborne,2024-04-20,High,78.69125978572448,Innovation,1,False
aec7c583-70de-4982-aa1c-c2e616f413c2,Open,Chloe Choi,2025-02-25,Medium,84.01392114001341,Innovation,4,False
26805e1b-5467-4857-8fe1-de60fcc71dc2,Closed,Alexandra Stephenson,2024-09-03,Critical,98.25737560690945,Cost Reduction,2,False
b9e2f12e-b5fc-43b3-9917-36b50b1403cb,In Progress,Glen Taylor,2024-08-16,High,94.19377596670444,Customer Satisfaction,3,False
99df9aee-75f0-4441-907a-16cd9116ab90,In Progress,Christine Duran,2024-10-05,Critical,87.79049919079301,Revenue Growth,2,False
63a136f0-d398-4772-8571-4dcd1dc15546,Open,David Jones,2025-01-08,Low,64.71015751772498,Process Improvement,4,False
e9dc7aed-12df-45b5-be8a-8e3d25b8c45a,In Progress,Richard Fuller,2025-01-26,Medium,68.27634836999167,Revenue Growth,3,True
dc264357-925e-45fa-a678-541b27b5b75d,Open,Marissa Miller,2025-03-05,Low,66.76748092883263,Cost Reduction,4,True
20a1f1c7-62a2-4607-9716-aa30d5e7e9b4,In Progress,Ryan Knight,2024-07-16,Critical,86.18104412232144,Customer Satisfaction,2,False
a0fff470-18b9-4fe4-b80c-6a5ce5f97624,Closed,Lauren Peterson,2024-12-11,High,78.16106654613124,Revenue Growth,3,False
a0354724-4f11-490b-93a5-c171dffc2a1c,In Progress,Jonathan Walters,2024-05-15,High,66.06930699853324,Revenue Growth,1,True
29c2ca55-d775-45b1-a7b6-8c6185f4d999,Open,Sean King,2024-09-14,Low,64.35457184677536,Customer Satisfaction,2,True
42d2541c-ce5d-46b4-ac02-579a67bcb594,Closed,Charles Nguyen,2024-10-13,Critical,69.5279276757365,Innovation,2,False
3ed43c85-9bc0-46a4-a6de-8d2e7c44b794,Open,John Matthews,2024-08-20,Low,82.36829189965916,Customer Satisfaction,2,False
5ca61fd4-572a-4ee3-8fae-c723288bcfd5,Closed,Carlos Reese,2024-04-09,Medium,92.23963195338048,Cost Reduction,1,False
dec9db6d-f13d-4482-9bc8-991e36b3924e,In Progress,Brian Jackson,2025-01-28,Medium,93.76282569465432,Innovation,3,False
811cb630-2716-4fdc-afc9-2b636264f769,In Progress,Christopher Rivera,2024-07-19,Low,85.56388297396755,Customer Satisfaction,1,False
198df8ed-1fe2-42b4-af57-c29d175df5f5,In Progress,William Mcguire,2024-07-19,Critical,99.00396084979832,Revenue Growth,2,False
78731bb2-9a99-443e-a01e-bd665b9c342e,Open,Curtis Love,2024-10-05,Critical,69.74686880412136,Customer Satisfaction,3,False
5a8dfd5c-0199-4e9d-acbf-ef29c18757d5,In Progress,Isabella Johnson,2025-02-23,High,81.60602740486655,Cost Reduction,4,True
09a74c5f-e328-4c6c-9cfd-ad82f6b1b7b2,In Progress,Michelle Sanchez,2024-07-13,Medium,61.15535919084752,Innovation,1,True
14528fe6-4b5e-4e7a-99eb-379818371aa9,Open,Krista Yang,2024-08-27,Medium,76.13607430359971,Cost Reduction,2,False
7d674eb1-bbb3-4139-a5c8-440b9ca45887,Closed,Terry Murphy,2024-07-02,High,86.09108295644477,Cost Reduction,1,False
b4f8d327-9640-4c8e-8ceb-c66f16722cca,In Progress,Michael Hoffman PhD,2024-12-06,Medium,87.11026939948789,Innovation,3,False
dda62317-22cc-49e7-b655-8b05a123141f,In Progress,Robert Hayes,2024-10-23,Medium,93.92228283679592,Cost Reduction,3,True
0ed91a81-14ac-4e72-a283-d5a58e24ece8,Open,Mr. Eric Clark,2025-01-25,High,97.91589814453303,Cost Reduction,3,True
cb0b9b1e-3a45-4af4-9ccf-239e14b67657,In Progress,Alyssa Cox,2024-11-18,High,63.42494816472233,Revenue Growth,3,False
788d9276-f771-4fd3-822a-d17a354661f3,In Progress,Steven Black,2024-07-28,Medium,78.36217603454453,Customer Satisfaction,2,True
3999699b-476e-4410-bc1b-b7f2d221b131,Open,Jenny Duncan,2024-06-24,High,79.78591021806132,Revenue Growth,1,False
55849425-4c86-42dd-aec1-8aecd07ee756,Open,Dr. Gary Silva,2024-07-18,High,83.05891267082828,Cost Reduction,2,False
00e4d68e-95c3-48b6-8262-e7ccedabfd65,In Progress,Nicole Garner,2024-07-16,Critical,82.96187421376504,Revenue Growth,2,False
8ca943b3-6060-422d-83ae-d077b650739d,Open,Randy Lowery,2025-02-12,Low,74.80400388789438,Innovation,3,False
6b965e5b-e592-4052-82b4-41003258a62f,Open,Peter Ramirez,2024-09-17,Medium,97.64335729887212,Customer Satisfaction,2,False
506f51a8-6ddf-4d88-81cf-f3f08dd59ce3,In Progress,Crystal Sweeney,2024-05-15,Medium,86.980396663654,Revenue Growth,4,False
4a649e69-4873-4bb2-84d2-45cd68dfddce,Open,Bryan Brown,2024-11-28,Low,63.26662937185695,Process Improvement,2,False
7570a63e-e829-4be7-b927-855f7e7945e9,Open,Sydney Sutton,2025-02-08,Medium,88.98879791542988,Innovation,4,False
246fb9fd-1026-4c70-9c19-3c3c3b7e7e14,Closed,Brian Pierce,2024-03-09,Low,86.92589328712359,Cost Reduction,4,False
b54e3bf1-ace7-4c02-b784-b7b052c1853d,Open,Amber Hart,2024-09-04,Critical,88.2751581854591,Customer Satisfaction,1,False
043ec6e5-90e9-479f-9229-4a2ee9e69b53,Open,Amanda Page,2024-11-06,Critical,80.65962834763036,Innovation,3,False
fb99c238-19c8-4ceb-b42a-e7659202848e,Closed,Jason Willis,2024-12-09,Medium,87.0770668874838,Process Improvement,3,True
c0e495e5-037a-4cdf-ace2-2e88be123475,Open,Eric Pena,2024-05-10,Medium,78.28217273191846,Customer Satisfaction,4,False
efe39ebc-6eae-48cf-b683-cc6938114b0e,Closed,Frederick Hill,2024-04-27,Critical,82.12405126871238,Cost Reduction,1,False
c27fe4de-3c9b-4226-bc99-120c42f091d3,Open,Kristine Thompson,2024-07-08,High,66.37013800694731,Process Improvement,1,True
f0d28acc-d1c6-4c12-85fe-fccb9ed4568a,Closed,Sylvia Hobbs,2025-01-02,High,69.71771518149211,Cost Reduction,3,False
e2a1521a-d416-4698-8f69-34109a25a5a9,Open,David Ramos,2025-01-20,High,65.26887264713993,Innovation,3,False
0f28cc8a-1a26-4eb1-ac73-bc201e0851f5,In Progress,Mr. Jeffrey Stone PhD,2024-05-13,Low,78.81601463123067,Cost Reduction,4,False
7d4099ee-8a56-4c79-93b4-41569ffc19df,Closed,Mark Wright,2024-12-03,Medium,75.63219673171872,Customer Satisfaction,3,False
8af1b4d3-191c-4344-984b-b6523bb20d1b,Closed,Shelby Jordan,2024-05-18,Medium,87.48559353233043,Revenue Growth,4,False
b659e112-a2b9-4a23-b3b5-82bd7d2c8a12,In Progress,Bridget Smith,2024-06-07,High,76.02819528633485,Cost Reduction,1,False
ca609f65-4050-4b71-87ea-1af60a2c65d4,Open,Jonathan Ferguson,2024-11-02,High,81.15798552136559,Cost Reduction,2,False
eb5a1a17-9cd8-4a90-a001-d0ceb597aa47,In Progress,Anthony Rogers,2024-10-03,High,84.8837240675226,Customer Satisfaction,2,False
cc948665-7352-4fc2-805a-e54308eb2a6d,In Progress,Harry Wallace,2024-10-20,High,66.06295240968925,Cost Reduction,2,False
143983e0-26fb-4c86-a01b-c5a4459a1a42,Open,Kayla Williams,2024-09-07,Critical,70.20347712717282,Customer Satisfaction,2,False
78047c62-a582-4699-9488-2078105d5eb2,In Progress,Seth Baker,2024-08-25,Medium,89.46820421621736,Revenue Growth,2,False
fd0e9da9-df59-48ca-92f8-07dfcf9fe12e,Closed,Nicolas Fischer,2024-07-08,Medium,63.47507961186242,Customer Satisfaction,2,True
a5dac01e-86b2-4cc2-981b-6d388f4d1b3a,In Progress,George Cross,2024-05-23,High,95.16987641336664,Cost Reduction,2,False
8ed08269-2205-417e-9eac-1d453691628b,Closed,Jill Sherman,2024-06-30,High,93.42248083914083,Process Improvement,1,True
dcdb1af8-f6c8-4b51-b313-9d25b1f6a050,In Progress,Nicole Oliver,2024-01-30,High,63.07125878481061,Cost Reduction,4,True
08ce7613-f661-47c3-aeb2-5dadc0ed1c46,Closed,Deanna Roberts,2024-11-20,High,77.22248827922904,Revenue Growth,2,False
edb7f297-e0ea-4c9b-abdf-65a05dd6ea54,Open,Jonathan Ward,2024-11-18,Medium,60.86978058607926,Process Improvement,3,False
f647e47b-6e21-4ff8-8981-0416fc93a82f,Closed,Alexander Wilson,2024-09-13,High,77.88364087595252,Cost Reduction,3,False
c613ec77-b730-47ba-97d8-eb0c56131015,Closed,William Melendez,2024-03-08,High,76.00454786685384,Revenue Growth,4,True
0c9c6fab-aeec-415e-a79a-79499819f0b0,In Progress,Karen Coffey,2024-12-25,Critical,94.20431804157697,Customer Satisfaction,4,False
abd752dc-5eae-4e16-ad9c-ef1736721033,In Progress,Samantha Cooley,2024-04-10,Low,87.38584832030148,Revenue Growth,1,False
4f231a21-5e02-429c-8eee-faebe6486e73,In Progress,Kim Mills MD,2024-06-04,Medium,74.26003086109915,Process Improvement,1,False
e3d31068-393a-4c51-aefc-bdec6afc03f9,In Progress,Patricia Carroll,2025-03-13,Low,63.82182005970545,Process Improvement,4,True
5cc30995-5930-4312-bf18-886d47afc45f,Open,Brandon Stone MD,2024-06-11,High,72.024494243533,Cost Reduction,2,False
b4b6fbf9-076e-4e32-901a-b9c5618f5ce4,In Progress,Angela Smith,2024-03-13,Medium,84.41747114674595,Customer Satisfaction,4,False
434f04d3-c408-4076-a4ee-3d82b72a1364,Closed,Katherine Lopez,2024-12-24,Medium,79.8783677077901,Process Improvement,3,False
76a39dd4-c283-4baf-b564-f3606d6ca8dc,Open,Todd Perez Jr.,2024-12-22,Critical,84.66069156942135,Innovation,3,False
a308c5e9-14e5-45af-aa08-e15e1158705b,Open,Julie Ruiz,2024-08-19,Critical,84.59597186272838,Cost Reduction,2,False
30a25190-ecb7-4194-942a-ba526aaf2139,In Progress,Daniel Ramirez,2024-02-28,Critical,79.08398460071669,Revenue Growth,1,False
626a5094-4a8c-4ade-9bee-8608d104c82a,Open,Jacob Mcclure,2024-04-17,Medium,65.8699986053247,Process Improvement,1,False
75bf13b7-f84c-476d-9f09-4bc318ee5faf,Closed,Michael Cooper,2025-01-01,Medium,81.53373665718294,Process Improvement,3,False
f04d5980-bdec-49b5-82fe-f7841783a631,In Progress,Alexander Morris,2024-06-08,Critical,68.82553988600013,Innovation,4,False
e7bb8497-8262-4855-8e90-9891c7141def,In Progress,Patricia Sanford,2024-04-01,Critical,85.83743518938331,Innovation,1,False
c9b6bd8e-627e-43f3-b66c-7fbecc54709a,Open,Stacey Knox,2024-12-21,Medium,72.18097963517123,Customer Satisfaction,3,False
3e484a50-3fbf-4001-b801-808ef426b5e4,In Progress,Sara Tucker,2024-11-07,Medium,98.48964085583208,Customer Satisfaction,3,False
4c20e07f-ad51-463f-b6cf-16136ed3bbad,In Progress,Linda Miller,2024-08-17,Low,82.87991772910047,Revenue Growth,2,True
ed46c986-8e3f-476f-80c8-7b49057d94d0,In Progress,Samantha Jennings,2024-08-14,Critical,80.86171558598343,Customer Satisfaction,2,False
6596ef44-be25-44b4-b7d0-bef6e284f9b2,In Progress,Jonathan Moore,2024-01-17,Medium,70.65921691635421,Customer Satisfaction,4,False
26b21240-1ab7-4ad2-a839-fda4ea29c442,Open,Anthony Harrington,2024-07-21,Medium,87.7969335495307,Revenue Growth,2,False
07ff6bea-13c0-47cc-86e5-f88816cf0ba7,Closed,Emily Wood,2023-12-08,Low,77.40806344483784,Innovation,4,False
029ffbba-57ec-4e87-8857-d33745ce34c8,Closed,Kenneth Lee,2024-05-18,Medium,83.36609451757826,Innovation,1,False
34517ab3-7ee5-42d1-a1d5-65963ba44e1c,In Progress,David Tucker,2024-07-13,Medium,93.27473878270553,Innovation,2,False
6d896015-84b3-4462-8d85-e2555807c6ba,Closed,Christian Castillo,2024-11-24,Medium,76.05099784847955,Process Improvement,2,True
3db9ba18-d397-4add-95b0-8e7216cb0a75,Open,Diane Lozano,2025-03-01,Medium,70.5874362499821,Customer Satisfaction,4,False
dce617a5-022b-4871-b262-b2396a5cbac5,In Progress,Kimberly Daniels,2024-02-13,Critical,76.91118819872509,Innovation,4,False
f2edc53b-abb1-4c2e-ad8a-d9675527b91e,Open,Charles Barrera,2025-04-14,High,82.12140231378012,Cost Reduction,4,False
5337436e-14ab-4704-802d-15c34d262c93,Open,Jeffrey Blankenship,2025-01-26,Critical,92.31595520391642,Innovation,3,False
25cbc283-f113-4fa7-aaca-76e127de94de,In Progress,Jason Huffman,2024-10-03,Medium,93.18311280707317,Innovation,3,False
2c46397a-1472-44ff-b326-74ab689a4a4e,In Progress,Vicki Martinez,2024-05-31,Medium,85.86043284082946,Revenue Growth,1,False
c2472001-79bb-4ab8-9a3f-c2aa3c463c19,In Progress,Rebecca Rollins,2024-02-25,Medium,72.38843629591938,Revenue Growth,4,True
a96190b1-20ed-4ab6-bbfd-dc331c6c573a,In Progress,Kaitlin Carey,2024-08-07,Medium,85.28790991835056,Revenue Growth,1,False
1a736fa9-f1d6-4bd6-8251-7facedbcb395,Open,Marcus Ayala,2024-09-21,Medium,82.57283559198513,Customer Satisfaction,3,False
169ecc18-f40d-4210-b788-4c074e438597,Closed,Sara Crawford,2024-08-30,Medium,86.10833207549177,Customer Satisfaction,2,False
adf24511-71a0-4ae8-9b5f-2d047bfb8e7a,Open,Kenneth Hart,2024-03-24,High,61.2305284509132,Process Improvement,4,True
1c735792-169f-48c1-9006-aced9e1f0161,Closed,Carlos Blankenship,2024-05-24,Medium,62.94830365225909,Process Improvement,1,False
a15d21a5-164c-4228-8c30-79cef9b61320,Closed,Alexa Robertson,2024-10-07,Medium,65.84777053891547,Revenue Growth,2,False
a30224d0-1c81-4a50-ad0e-2de94f311727,In Progress,Thomas Johnson,2024-12-02,Medium,62.930962784274875,Cost Reduction,3,False
548ace6a-2f7a-4574-8e07-09341896a8cf,Open,Monica Colon,2025-01-25,High,81.83882565153866,Process Improvement,3,False
9bfcfca3-323f-4c11-87bf-484182a2e6ef,Closed,Donald Riley,2024-12-09,Medium,93.12789257822301,Cost Reduction,4,False
9106e220-cc06-4c89-af60-1f4c44afd6df,Closed,Kyle Day,2024-09-08,Low,81.51428351384111,Revenue Growth,2,True
072286af-b13b-4beb-bdc5-5fb7ad238839,In Progress,William Gallagher,2024-06-23,Medium,81.24774759751543,Process Improvement,1,False
1ad2810e-155e-484d-acc0-be78b28555ad,In Progress,Marissa Harrison,2024-06-29,High,98.5717259646459,Process Improvement,2,False
011e79c0-b8a5-4e47-972a-5020b37d6b0d,Closed,Thomas Robles,2024-10-17,Medium,92.8667633393779,Cost Reduction,3,False
87f1b45d-c232-419e-94ad-1cd6e31dc873,In Progress,Rebecca Wilson,2024-01-19,Critical,73.37646156968879,Cost Reduction,4,False
db642999-5576-4448-a18d-d88ab303fdd2,In Progress,Adam Cruz,2024-07-28,Low,91.49280503447409,Customer Satisfaction,2,True
35e09a83-47af-4ffd-965e-dd107fb63278,Closed,Christopher Sanchez,2025-01-07,Medium,88.62466037778437,Cost Reduction,3,False
ba70d7dd-8f34-48e8-990e-74ab32d1c4a3,In Progress,Melissa Guzman,2025-02-04,Medium,61.65584019547831,Process Improvement,3,False
1e9719fc-aff4-4e34-8413-2fc4aa398061,Closed,Jessica Hester,2024-06-24,Medium,85.79917336222418,Process Improvement,1,True
18128ff1-3dab-4a59-9049-3ac491322cdc,Open,Kelly Harris,2024-10-13,Critical,71.70314175556467,Customer Satisfaction,2,False
3d3459f7-cdc5-49ca-ad9c-94d5f5b66e55,Open,Amber Phillips,2024-06-30,Critical,65.79278156728252,Customer Satisfaction,1,False
5fa99490-c183-43cb-af32-2d7be8356965,Closed,Drew Garcia,2024-02-12,Medium,74.99052454544753,Cost Reduction,4,False
efde5e8e-339e-419c-a391-cf9a7fec8814,In Progress,Janet Thomas DDS,2024-10-31,High,63.54561326168734,Process Improvement,3,False
6e893e3c-1bb7-4ec8-b74c-1fb7b8757709,Closed,Ms. Jessica Morris DDS,2024-05-29,Low,81.4406694526788,Innovation,1,False
26638e78-007d-4d80-bfff-6003391ccb5e,Closed,Vanessa Hale,2024-08-21,Medium,67.28047654806751,Customer Satisfaction,1,False
1353f00f-4e4a-40ce-9cda-43f66622571e,Closed,Lorraine Wallace,2024-03-19,High,62.91876721147848,Cost Reduction,1,True
620669e7-652d-48f3-bd5a-7c7575c33dab,Closed,Monique Hill,2024-12-06,Medium,84.41145048485846,Cost Reduction,4,True
69d51785-7564-42e5-8141-3f0db7e18ee2,Open,Kathleen Gregory,2024-05-11,Medium,77.27901031357455,Customer Satisfaction,1,True
3a6a9111-42d2-4ca6-90ca-91d172841207,Open,Theresa Jones,2024-05-02,Medium,82.82473605238647,Innovation,1,False
1c4fb901-08c4-4e4f-ae55-0fcee0ac9562,In Progress,Brandon Gonzalez,2024-12-18,Medium,81.99935701356117,Customer Satisfaction,3,False
7ccec6f0-9c4d-4c8f-a94d-a4ed7600e07d,Closed,Elizabeth Rodriguez,2024-07-06,Medium,60.2167198462962,Cost Reduction,1,False
eac85ca7-580b-4115-9b86-db8d971e2d7a,Open,Brian Olson,2024-04-30,High,79.19477111196885,Customer Satisfaction,1,False
f59f5f70-dcfe-4084-ba77-a1b812266468,Closed,Jack Walker,2024-03-15,High,65.40001400944563,Revenue Growth,4,False
9c6abe06-fb14-4c98-82b7-9516f8d3f1c3,In Progress,Arthur Morris,2024-03-09,Medium,67.06917021987651,Process Improvement,1,False
4a4db657-c6ab-4de1-b74a-9805ba835ba9,Open,Angela Phillips,2024-02-29,Medium,78.79392735496026,Innovation,1,False
480a144c-4ccc-4ce9-97fe-83a947fe0439,Open,Angela Moore,2024-11-11,High,74.23238519523625,Revenue Growth,3,True
aa373714-c713-42e4-9cde-2275f655589d,Open,Rebecca Martin,2024-08-19,Critical,92.33638700919653,Process Improvement,3,False
4797c21b-9d1b-4eab-b6c7-b8be6f44e556,In Progress,Craig Martin,2024-05-14,Medium,82.32130170924358,Innovation,1,False
2d489ba1-b11c-4263-b92b-e3677ce2fe46,Open,Michelle Curtis,2024-08-12,High,66.90189706809267,Revenue Growth,1,True
6adfc3ab-53b6-4291-b3b3-70c186ef68f4,Open,Jessica Burns,2024-10-10,Critical,66.61988274906494,Customer Satisfaction,3,False
68b755c2-3d37-4969-98ef-d831a8d806ae,In Progress,Sheri Daniels,2024-12-22,Critical,87.74660607777314,Customer Satisfaction,3,False
e9fda7c1-bf77-4116-9654-e28bdae17189,Open,Kylie Henderson,2024-08-23,Medium,91.37331665451106,Process Improvement,2,False
857b1849-8be0-47e9-a0b1-3331a1f883f6,In Progress,Dana Lawson,2024-03-06,Low,66.59560692751609,Customer Satisfaction,1,False
1cecdd14-04c1-4aca-a3c5-6f622a4e959a,In Progress,Crystal Gomez,2024-02-14,Medium,76.58266913630158,Innovation,4,False
65d42b9c-25a0-4d3a-ac80-1450a8f7519c,Open,Kimberly Krause,2024-09-29,Low,74.20466978184633,Customer Satisfaction,2,False
6c2345f7-f11d-42d1-b3b3-954e6e307c31,In Progress,Jody Dean,2024-01-18,Medium,97.83645256273145,Revenue Growth,4,False
46b52ba6-270c-419a-a780-915b48f341a1,Closed,Danielle Brady,2024-12-30,Low,74.11957891288615,Customer Satisfaction,3,False
f7d82bb6-fa95-4fed-9096-f8ba7ac2f3ea,Closed,Mark Torres,2024-07-25,Medium,62.93997610787482,Customer Satisfaction,1,True
72a1a194-d90f-4515-b1a3-55ee52947206,In Progress,Melissa Carroll,2024-06-25,Medium,66.54019455597818,Cost Reduction,2,False
c2f54093-55c9-4308-8226-b887d9ee942f,In Progress,Brian Gordon,2024-04-26,Medium,89.18565673499138,Cost Reduction,1,False
fa50496d-1ca1-4e16-8e95-e23154ca0a35,Closed,Jennifer Santiago,2024-11-23,Low,72.16081116757074,Customer Satisfaction,4,False
ce425b6c-00ca-495b-8afc-c3e9c80b2fdd,In Progress,Ronald Castro,2024-08-09,Low,75.92760980860461,Cost Reduction,3,False
58366a7b-c4ab-469a-bc01-3842731a8d3e,In Progress,Katherine Johnson,2024-04-16,Medium,83.63075532421436,Innovation,1,False
676a8a58-e8e6-45c1-ba56-4553186953c7,Open,Brenda Scott,2024-09-22,Medium,70.91971566259367,Cost Reduction,2,True
3a2768b0-3635-4e4a-b28f-03bb99974213,Open,Samantha Ramirez,2024-06-14,High,91.17580916060115,Innovation,1,False
850bf246-0a49-4a1f-8fc9-ec19ede027c0,Open,Patrick Lloyd,2024-01-27,Critical,94.74760129141032,Process Improvement,4,False
4f524c25-d7fa-48e7-99c3-f379c0178d2d,Closed,Sharon Ingram,2024-10-28,High,61.6337999098083,Process Improvement,3,False
e64ed66d-f407-491d-96c0-40ab360f60dd,In Progress,Jessica Nguyen,2024-07-03,Medium,75.95713436863757,Innovation,1,False
aec7ee9e-711a-450e-833a-7d20eab91cf6,Closed,Lauren Greene,2024-04-08,Medium,87.81365005641369,Cost Reduction,4,False
3884530a-0b99-4355-af0e-82c519f509a8,Open,Nancy Vaughn,2024-02-17,Critical,97.49986279074194,Process Improvement,4,False
613c916d-c17c-45c7-b17a-037575ca70fd,Closed,Jamie Kemp,2024-03-06,High,72.60389919069262,Innovation,4,False
1ca4b29b-e085-4c55-9e6c-f89d2964cd4f,Closed,Lisa Thomas,2024-03-27,High,88.42346135965448,Cost Reduction,4,False
8614c3f6-c0ae-4fee-b0e3-028494154174,Closed,Lisa Silva,2024-12-04,Medium,75.90498689753738,Process Improvement,3,False
c38c6f7f-d2ce-4e59-9c1f-841ab5b41715,Closed,Michelle Tran,2024-08-20,High,83.67803117484021,Revenue Growth,1,False
7073b47f-d3f4-4aad-b48d-5225a65250fb,Open,Christopher Lee,2024-06-28,Low,83.32726145068261,Cost Reduction,1,False
fc1e203c-089b-4c2e-bbb4-5d110e0c78e3,Open,Christina Mullins,2024-10-23,High,79.99067897970764,Revenue Growth,3,False
c7cbdf92-02c1-480c-8b73-d12e8137d67c,Open,Mark White,2025-01-26,Critical,71.09016430031431,Process Improvement,4,False
6b17696b-ec34-4433-82a0-c3aea465192c,Open,Adam Alexander,2024-01-01,Medium,83.25195216143771,Process Improvement,4,True
5674c79e-d23b-4d0b-a724-e3f17b49b749,In Progress,Brooke Cook,2024-01-03,High,87.83433869187934,Customer Satisfaction,4,True
cfbd22d0-b6fa-419b-a010-b6028a4e6ef8,Open,Danny Wells,2024-11-05,Low,86.87932363670181,Process Improvement,2,False
8414772c-c035-433d-bd86-f5c523496e3d,Closed,Larry Rojas,2024-10-26,Medium,74.36943700168456,Customer Satisfaction,2,False
dbb58549-04b6-4697-b137-ca5154adeab2,Open,Holly Obrien,2024-05-09,Critical,73.37918073476706,Cost Reduction,4,True
3acb4228-1f1a-4b51-958d-37d6f0ab76cd,Open,Adrian Sparks,2024-11-20,Medium,88.06995230177681,Revenue Growth,4,False
3ad403af-fe2d-4d82-8024-119d6d5abe39,In Progress,Samantha Scott,2024-10-10,Critical,89.27518520767708,Customer Satisfaction,3,False
8ed8e56d-f8f2-4c1a-ae60-222c3fe0c66f,In Progress,Stephen Compton,2024-10-29,High,80.00299156331975,Innovation,2,False
be468c33-52bd-42d8-99bc-81556d468276,In Progress,Eduardo Valenzuela,2024-09-12,High,99.55047256433606,Process Improvement,2,False
d2d5a4b3-32bf-4e69-8dc7-8981509679ec,Closed,Kim Payne,2024-12-24,Medium,73.27513090267047,Customer Satisfaction,3,False
c2882317-bbed-4c63-8abf-f696db268ff1,Open,Cindy Wells,2024-12-12,Critical,69.09693415640588,Innovation,3,False
a68abc48-ed6d-42c9-84b3-1e71c5b090e2,Closed,Eric Warren,2024-07-25,Low,72.28381916257872,Innovation,2,False
ff3ed81c-b9e2-4388-adb2-52faa3a62255,In Progress,April Short,2024-08-25,Medium,65.58019254333162,Innovation,2,False
3a852c5d-4313-4630-a70a-293b6e32a5f6,In Progress,Molly Howard DVM,2025-01-30,Medium,76.77843170013786,Process Improvement,3,False
91021937-fc2e-4d35-8841-ffc14a2b1b8c,In Progress,Dr. Sarah Mercer,2024-12-04,Medium,93.31826923678614,Revenue Growth,4,False
a861089b-b63b-44e7-a06e-4d3cc8d9c228,In Progress,Gail Hayes,2024-01-21,Medium,99.4125065306909,Revenue Growth,4,False
71a8a958-016f-45d0-b7b6-f4d3fc1dc061,Closed,Michelle Mcmahon,2024-05-30,Medium,74.28122139891805,Customer Satisfaction,4,False
8ce7bc80-4441-45f5-8848-82d7201b201f,Closed,Adam Ryan,2024-09-14,Medium,81.17020787986176,Innovation,2,False
01e4689d-a9d9-4fcd-bdf6-5b4799cb5293,In Progress,Anna Reyes,2024-07-30,High,99.10312717497115,Cost Reduction,2,False
5ebbcb4b-bc11-49b8-b873-2665bcd927aa,Open,Teresa Rowe,2024-07-08,Medium,65.49742492244155,Cost Reduction,1,True
f2f9189f-7572-46d6-ab88-355a7c592b37,Open,Victor Arnold,2024-05-11,Medium,69.03216926860637,Process Improvement,1,False
4f84a30c-9798-420c-80bb-dd2a69c56f8b,Closed,Connor Williams,2024-06-16,Medium,75.54512238832216,Process Improvement,2,False
6db23dd6-4e9c-44b3-8786-e67fdb29bf71,In Progress,Christian Hanson,2025-02-17,High,96.6314710957433,Revenue Growth,4,False
32c6f517-e99d-4988-8d6c-7728efcc9146,Closed,Martin Mata,2024-05-05,Low,72.52038772266165,Innovation,4,True
12ba42cf-00ca-4751-a492-f45754ca5158,Open,Donald Ritter,2024-08-22,Low,64.17041945838304,Customer Satisfaction,2,False
4c976f7e-3f0e-40bc-96ea-8065cbd61022,In Progress,Shawn Rodriguez,2025-03-31,Medium,96.29148216822696,Process Improvement,4,False
3f167897-dcfc-4ce2-a4dc-5b6ee94a8066,Open,Kathryn Patel,2024-02-18,Medium,88.49610145253213,Process Improvement,4,True
6879f216-9e34-4337-a684-eb222c98ecf7,Open,Jacob Blankenship,2024-10-25,Medium,93.19577686689485,Customer Satisfaction,3,False
afa8f21d-4c72-4275-9e6a-47413d26ef9a,Closed,Vanessa Preston,2024-05-07,Critical,95.09100542910451,Process Improvement,4,False
9d4d80cd-2064-497e-afc2-12afa2d1cf7a,Open,Ethan Williams,2024-02-19,Medium,82.91113955465876,Revenue Growth,4,False
1b25d720-7449-489a-8064-b3665433093f,Closed,Denise Davis,2024-07-18,High,78.38869286518302,Revenue Growth,1,False
f9f5a724-6e6c-4e73-b8c0-c5f19e4c6dec,Closed,Paul Russell,2024-06-22,Critical,81.47434902002234,Innovation,2,False
a9fd3b67-623a-47f6-94ca-437ae7e344a4,In Progress,Ronald Taylor,2024-04-30,Critical,85.53890430355581,Cost Reduction,4,False
c183adce-cf3f-4f71-9e21-4cdc7dca27a4,In Progress,Donald Lewis,2024-09-11,High,88.48183694694549,Cost Reduction,1,True
3915f4df-cd19-4570-b0e7-935ff058c546,Closed,Vanessa Robinson,2024-04-05,Critical,89.9163204077294,Process Improvement,4,False
9c5822c1-6e8c-4c5f-bec2-00afae31ddbc,In Progress,Carrie Martinez,2024-05-26,Medium,68.50834327718893,Cost Reduction,4,False
4127e0ee-539a-4e6a-99ce-a5bfe163ce1d,Closed,Angela Baker,2024-07-12,High,81.39218313913861,Customer Satisfaction,1,False
3921275a-c68e-495c-8e73-1eaa1c559269,In Progress,Robert Roberts,2024-03-31,Critical,75.67987128910755,Customer Satisfaction,1,False
efc7cd27-17e2-4bbc-a4e3-01b1ea1be7ce,Closed,Chad Taylor,2024-11-06,Critical,82.2429647874736,Customer Satisfaction,3,False
320460c2-f57a-45be-9c42-1cc609089b38,Open,Samantha Hicks,2024-07-13,Low,96.76218262682917,Process Improvement,1,False
4148a95e-0077-4b8d-870e-1ae53f9ba26d,Closed,Carol Richards,2025-01-21,Medium,84.02952692892353,Innovation,4,False
830c96b0-3f02-452a-a8de-52ed7dc82903,In Progress,Matthew Andrews,2024-12-10,Medium,64.42122297763814,Customer Satisfaction,3,False
5beaf55b-e066-48ad-aead-81c0c30209d1,In Progress,Rhonda Terry,2024-12-29,High,94.75596711827106,Customer Satisfaction,4,False
9ada6388-c75b-4e66-9f8c-5050c107c835,Open,David Smith,2024-11-21,Low,69.08257833614202,Customer Satisfaction,4,False
ac766f32-52df-45a4-96dd-8e88f6ee0598,Closed,Shaun Martinez,2024-11-11,Medium,66.05795263355142,Innovation,3,True
a5dec82c-6198-4158-828e-f4ed12085474,Closed,John Richardson,2024-08-25,Medium,76.39860101439142,Innovation,1,False
d90f8938-cb81-45b1-bf6d-6bf9bf09dba4,Open,Adrienne Aguirre,2024-08-12,High,61.07943356771614,Process Improvement,2,False
6d6f18e8-123f-481b-9cbc-d4bb57b3d35c,Open,Melissa Schmidt,2024-04-05,Low,81.47169568890642,Revenue Growth,4,False
791d44c5-d7c8-4caf-a865-51930b1fb29a,In Progress,James Horn,2025-01-20,Medium,74.2773316567217,Innovation,3,False
d050d781-4408-45e8-87a1-caee8753dc78,Open,Ethan Allen,2023-12-13,High,80.29463351207161,Customer Satisfaction,4,False
4f63b010-caa9-4001-8160-879beed2f304,In Progress,Bryan Rodriguez,2024-04-02,Critical,94.84114268183217,Cost Reduction,1,False
215fbf51-818d-47bd-9125-67650f7635cb,Open,Emily Pineda,2024-09-23,Critical,61.69347740588486,Process Improvement,2,False
9e5fc561-4b26-4745-b4e2-dbe87bf071ae,Open,Amanda Moore,2024-08-15,Medium,82.28942593002233,Innovation,2,True
83aa05f9-5956-47e6-8686-536bfe124475,Open,Victoria Carroll,2024-11-21,High,75.4427946883611,Customer Satisfaction,2,False
b63bbdbf-141d-473f-b2c6-7f09faf43e2c,In Progress,Ashley Murphy,2024-09-01,Medium,87.80601580775102,Innovation,3,False
d837244e-e642-48bd-9240-956dda6c4ce4,Closed,Erica Price,2025-02-25,Critical,82.94711701588054,Revenue Growth,3,False
e66a665d-bb67-428d-94f7-a721315c15e1,In Progress,Kevin Higgins,2024-04-27,High,90.71668046922684,Customer Satisfaction,1,True
6b18cbb5-eeb2-48f0-859e-4eb74ca2db69,In Progress,Hannah Garcia,2024-09-12,High,82.28664076878303,Innovation,3,False
88538794-3a3f-46a6-ba8a-b5bde39a89c8,Open,Kelly Sloan,2024-06-01,Medium,84.19478317310161,Process Improvement,2,False
8858d76d-ab39-43b7-b3db-d039e489c67c,Open,Ryan Graham,2024-07-11,Medium,72.42942751995496,Customer Satisfaction,1,False
8dbac9b2-c93e-4e04-bb28-91de7e1a3cd1,In Progress,Zachary Wells,2024-11-21,Medium,90.32448230128136,Innovation,2,False
3f32a6c5-f134-41cf-967d-0013a08d81b7,Open,Monica Patel,2024-08-26,High,97.05549296276557,Customer Satisfaction,1,True
902f40c8-950c-4c42-8995-893a3c6100cf,In Progress,Kaitlyn Arellano,2024-10-31,Medium,82.39300549446939,Process Improvement,3,False
0fcb7ca1-08f0-4702-b10f-6733bea0cc04,In Progress,John Buck,2024-06-30,High,68.00804275804252,Cost Reduction,1,True
6549af72-254e-4fda-9167-ec008b7f862b,In Progress,Joshua Simmons,2024-08-12,Medium,65.7574803444082,Revenue Growth,2,False
df717b64-162f-49a8-a2f1-6c0a482f2da6,Open,Holly Pham,2024-11-13,Medium,66.059715261912,Customer Satisfaction,2,True
84862534-f598-48ac-a1df-9507990cb191,In Progress,Sarah Perry,2024-11-18,High,85.5756305252535,Process Improvement,4,False
35ffc3dc-e45a-445a-ab54-4c2362e908bb,Closed,Taylor Sherman,2024-07-28,Critical,61.90745090706085,Cost Reduction,2,False
edfddb29-fa69-4071-bd5f-e7fa8dc5b3d5,In Progress,Christopher Ortega,2024-11-23,High,98.65870894799272,Revenue Growth,4,True
5ed3de99-109d-4e86-8e06-cdf6184a161c,Closed,Alexander Harris,2025-04-02,High,86.26820658583729,Cost Reduction,4,True
e1a621d2-769e-4714-95b2-06051a9febb7,Closed,Jason Sutton,2024-06-20,Low,85.49094668618969,Revenue Growth,1,False
a9982999-2c6f-4c4f-9b75-1080877fdf92,In Progress,Sara Murphy,2024-05-09,Critical,69.49469839313888,Innovation,4,True
20bba904-53e1-4b75-8423-f5c211dbb25f,In Progress,Joseph Johnson,2024-03-11,Low,84.64096098575847,Revenue Growth,4,False
e762321b-2920-4007-9a66-6ad08fa61ac2,Open,Loretta Oneill,2024-09-26,Low,67.1902748762778,Cost Reduction,3,False
796631c0-9768-40ef-ad0e-f9c5158f57a4,Closed,Donna Lopez,2024-12-13,Medium,76.04732078320225,Process Improvement,3,False
f8fcc850-4ef1-4b39-81b9-a2844b6911ea,Open,Charles Reyes,2024-11-08,Critical,69.02664454808466,Customer Satisfaction,3,False
b7838e02-fb36-4d49-bb76-0004a064831e,Open,Victor Meyer,2024-09-01,Low,86.38401742553287,Revenue Growth,2,False
e4de4172-dbb7-4e99-82d4-ee974d179948,Closed,Cindy Velasquez,2024-04-08,High,74.1327385016401,Cost Reduction,1,True
826a9107-11e3-4d89-a503-0141c98abfc4,In Progress,Evan Smith,2024-05-04,Low,75.19003541760904,Cost Reduction,4,False
f46be817-342b-4081-9699-f0eb053be419,In Progress,Valerie Estes,2025-01-11,Medium,79.24118391609025,Customer Satisfaction,3,False
01cb85f1-f9d6-439a-b30d-2ff7d70e2758,Open,April Parker MD,2024-07-22,Critical,62.46696154270206,Revenue Growth,2,False
a2bcacbe-bf17-4a92-a202-c4e8011420b2,Open,Margaret Williams,2024-12-05,Medium,83.77926884727587,Revenue Growth,2,False
8ddff7be-24df-4f1c-ba9c-ec44c694bcba,In Progress,Heather Roberts,2025-01-24,Low,95.99057335880359,Revenue Growth,3,False
293e3086-5070-43fe-878b-4dd9c4952a88,Open,Jessica Jones,2024-07-23,High,86.53024291330365,Customer Satisfaction,1,False
773c1a55-7a48-4989-85bf-753e0ba544ab,Open,Jesus Martin,2024-08-02,Low,89.22382715249617,Innovation,2,False
5bd1bd69-5027-4442-bde6-8a737101c826,Open,Andrew Nelson,2024-04-21,Critical,62.67183802083869,Innovation,1,False
ce942711-58b0-4282-a0ae-93e13f3446b8,In Progress,Stephanie Campos,2024-09-11,Critical,73.61123595250936,Innovation,1,False
5f8ce96a-32b0-4a0a-aca9-d3ef878b8981,Closed,Stephanie Castillo,2024-06-30,High,89.8833631548395,Revenue Growth,2,False
3a356e3e-26cc-4296-9d89-40855f890c7a,Open,Brenda Anderson,2024-02-15,Medium,65.41109615754874,Process Improvement,4,False
c91af759-5d1e-4a43-aa2a-d1e0d6a6d787,Open,Shelby Jones PhD,2024-10-17,Low,71.08913218592922,Revenue Growth,3,False
011e8454-761e-4d7e-ae21-ad9c4aa7ea3e,Closed,Pedro Haynes,2024-03-31,Critical,71.92664146874527,Revenue Growth,1,False
26b9eb91-da0a-4aca-a57d-9a255d8b5759,Open,Keith Patel,2024-06-14,Medium,86.65725081131825,Process Improvement,1,False
db8aec2b-67ca-484f-9895-1e30a7363bba,Open,Courtney Alvarez,2024-05-29,Low,60.16082955606063,Innovation,1,True
f29a02fd-8375-4216-a19d-b9252bee25d7,Closed,Jerry Young,2024-09-04,High,86.76677843024441,Customer Satisfaction,2,False
88b7597e-3c23-4b5c-88df-b6c998b7f511,Open,Catherine Ho,2024-05-07,High,74.04254595903744,Innovation,1,False
a55183fe-479a-4dc6-af66-a8d7f1ce73cf,Open,Terry Morales,2025-02-19,Medium,89.98421234960549,Process Improvement,3,True
021463c5-2606-4924-baab-f0c091533b35,In Progress,Mark Perry,2024-10-20,High,67.91273821524665,Process Improvement,2,True
1c6e054a-d691-48ef-90e3-baa5ba2ed5bb,In Progress,Paul Martinez,2024-09-16,High,85.59100983802665,Customer Satisfaction,3,False
0963b0b3-2553-41ee-9da5-aad1013bc510,Closed,Brittany Carter,2024-01-22,High,83.27109913616819,Cost Reduction,4,True
0dc067f6-acf4-4b70-a7eb-6dcbfa29238d,In Progress,Justin Reyes,2024-02-28,Low,91.21709041076892,Customer Satisfaction,4,True
e02fec83-43a5-4126-b87d-92056566e347,In Progress,Brandy Mills,2024-03-29,Low,85.68232896635755,Revenue Growth,1,False
fecdaa40-6b7f-4084-9871-ae4e0191349c,Open,Dawn Hamilton,2024-12-19,Medium,91.41575622269048,Innovation,3,False
03095c82-26df-410d-8709-619dc7fef9d5,In Progress,Kevin Kramer,2024-12-19,Medium,80.43937034487749,Cost Reduction,3,False
f35c9035-06e7-426f-a0d8-14bfc031192b,Closed,Daniel Higgins,2024-08-17,High,62.43189710234847,Cost Reduction,2,False
d017043b-ee0f-43d8-999a-dd4baa3d6a96,Closed,Shelley Wright,2025-01-30,Medium,89.09311541404881,Process Improvement,3,False
440ce487-fe71-4d7d-9013-da5297ea8885,Closed,Thomas Hernandez,2024-04-02,High,85.65908019589943,Innovation,4,True
534dfa48-76a8-4ef9-8a14-3e7b412258f6,Open,Katie Reed,2025-01-14,Low,99.30098619623146,Customer Satisfaction,3,False
59515876-32fb-44f6-aa8c-20ff3824e3c5,In Progress,Rachel Bridges,2024-05-28,Low,79.41504003537266,Revenue Growth,2,False
49ff5ab5-5b92-46b4-b359-59b4eacf0c0b,Closed,Cheryl Fuller DVM,2024-02-16,High,87.11202815583988,Customer Satisfaction,4,True
becc857c-cd7e-4d35-86a3-fd6305a944ef,Closed,Kyle Thomas,2024-12-11,Medium,86.56239115925644,Process Improvement,3,False
59a0fd13-0833-4e87-9d17-cd0810e96a9e,In Progress,Tara Zamora PhD,2024-10-22,Medium,78.41603350334373,Cost Reduction,2,False
50e1cf56-088b-4391-84a7-c986d93d8a04,In Progress,Anthony Ward,2024-08-18,Critical,79.42831851979416,Process Improvement,2,False
e14cda9b-1b80-4fe3-8d43-acf129e2e2ae,Closed,Richard Martin,2024-05-14,Medium,98.14415422104965,Innovation,4,False
f3c5a1e2-1d41-4835-991a-e624041d5e2b,In Progress,Samantha Stevens,2024-09-24,Low,68.86444901716762,Process Improvement,3,False
924be72b-bcb2-4b7b-bfee-a408e57b890a,Open,Ronald Perry,2024-03-24,Low,89.29312984062065,Innovation,1,False
948fb4e4-2e04-4beb-963b-06de68596a4b,Closed,Mary Lawson,2024-08-07,High,94.81032336675797,Innovation,2,False
ac0fdae0-7664-49be-b22f-672411ef2a8e,In Progress,Erin Dominguez,2024-07-17,Low,94.48189369663568,Cost Reduction,2,False
7a8aca17-45aa-4a74-916d-80e547c699fc,Closed,Dennis Garcia,2024-11-22,High,92.081057467955,Revenue Growth,3,True
0ad67889-e673-430b-a802-78574065c55b,Closed,Kimberly Green,2024-06-15,Medium,79.67402915890213,Cost Reduction,1,False
14a4b9c4-d9cf-4bf6-a2f1-366a975a93f1,In Progress,Jeffrey Harris,2024-09-09,High,80.70880063066683,Innovation,2,False
a3cd0814-4d9f-47d1-bf86-a59636bcd72e,In Progress,Tanya Carter,2024-03-03,Critical,83.76442206785262,Cost Reduction,1,False
d140665d-b55b-4be5-b272-a936ba6ed87d,Open,Shirley Anderson,2024-07-23,Medium,83.70034609852341,Revenue Growth,1,False
41493341-1157-4886-8576-1ff259147fe3,Open,Victoria Kirby,2024-05-27,Medium,64.98316479528293,Revenue Growth,1,False
2a8044cc-cc50-41a8-bb24-7dfcada9cc89,Open,Joseph Howard,2024-09-23,Medium,77.08291385236026,Customer Satisfaction,2,False
d105c062-5d8a-498e-b081-7e019d89748b,In Progress,Janet Clark,2024-11-29,Critical,82.11234940111517,Customer Satisfaction,3,False
fbd49322-4b28-4c51-83bd-29c34b810347,Closed,Pamela Fuentes,2024-11-05,Critical,78.34485879583976,Customer Satisfaction,3,False
ff144263-f156-4172-bcaa-df5f15cdd632,Closed,Edward Burke,2024-10-07,Medium,81.27021137890948,Innovation,3,False
20acc367-16b9-4e41-8331-bc5d3de9e738,Closed,Kyle Vasquez,2024-11-24,Critical,80.92543321167604,Innovation,2,False
20183e36-98ee-4bcd-b8ff-14031efbc456,Open,Daniel Austin,2024-12-11,Medium,66.59107035122634,Customer Satisfaction,3,False
abf0e536-de12-4a7c-b210-a89aa574a5ee,Closed,Amy Carney,2024-07-04,Critical,72.50583235168772,Process Improvement,1,False
345950d8-3db0-41de-a405-21671b0fc9bc,Closed,Kimberly Martin,2024-08-29,Medium,82.47762905497667,Revenue Growth,2,False
4c69aa62-c438-4f45-aa05-55e7ee809510,Closed,Veronica Shaw,2024-10-30,High,72.4795308581862,Revenue Growth,3,False
107d819a-5692-4b7f-8f7d-d6a0f6f8d41c,In Progress,Amanda Patel,2024-03-09,High,67.82424025767531,Cost Reduction,4,False
d0d8e305-3ef6-451b-a838-62cb8a59d4bd,Closed,Veronica Berry,2024-12-10,Medium,82.27938586735173,Innovation,3,False
66a373ca-15dd-4a58-90b9-41d2373a76a1,Open,Ryan Powell,2025-01-08,High,83.08121704608419,Process Improvement,3,False
d1e8115f-2efd-4acb-9ffe-f807093e58c4,Closed,Valerie Cherry,2024-11-18,Low,61.51266126184883,Innovation,3,False
6e6455ae-df02-4063-8ffe-9e37f2fab27c,In Progress,Christopher Sanchez,2024-10-31,Low,63.05604118636479,Innovation,3,True
ca94dd14-44cf-4222-880b-a49187dd8409,Closed,Paul Macdonald,2024-07-06,Critical,64.710976420719,Cost Reduction,1,True
95ae2d4e-db10-40df-af9d-fca3d516065e,In Progress,Jacob Price,2025-02-08,Medium,82.75544928356759,Cost Reduction,3,False
25c3c0af-32ab-45aa-9231-6068cfeaaa5b,Open,Michael Terrell,2024-04-15,Medium,90.10045456458059,Cost Reduction,4,False
1a7a1722-04dc-4b17-a288-9c47d63e5080,Open,Shannon Johnson,2024-03-21,Medium,64.54833643582603,Customer Satisfaction,4,True
c34d7d54-b0c1-4d16-8c28-518c01597e0d,Closed,Ann Bennett,2024-03-23,Critical,73.76259191747916,Customer Satisfaction,4,False
1651513e-dba8-443c-b2e9-92ac75a4c564,Closed,Jordan Cox,2024-06-29,Medium,62.087435666794676,Cost Reduction,2,False
ba148b4b-c100-4b95-80ed-948e50cc32de,In Progress,Wendy Fernandez,2024-11-10,Low,61.11281201098326,Revenue Growth,3,False
a7db23c9-9eb9-4d09-a27f-169c4fbf730f,Closed,Joshua Hubbard,2024-10-16,Critical,86.57348551173598,Innovation,2,False
34fca7b9-f340-44ab-8e16-732905bb7342,Closed,Pamela Fry,2024-09-17,Medium,68.39342234288347,Process Improvement,2,False
ce085469-ed4f-401d-8ebd-8fccc4a68ba8,Closed,Joseph Wagner,2024-11-18,Medium,78.73079041876083,Customer Satisfaction,3,False
8935d5ca-90b7-421a-a180-00b5b0bf343b,Closed,Tracie Munoz,2025-02-06,Low,62.52842769853104,Customer Satisfaction,4,True
fe0639e3-c9d8-4115-b26d-1dd0ceef7dbd,Closed,Patrick Rubio,2024-04-16,Medium,66.4120354710861,Revenue Growth,4,False
f6914891-eba9-40d5-aa6c-cc966ad428f3,Closed,Nichole Martinez,2024-07-29,Medium,84.82679558280542,Revenue Growth,2,False
6c40d42d-8df8-4eea-a6ec-8bb8099fbc19,In Progress,Jose Mendoza,2024-05-27,Critical,75.22498131270856,Cost Reduction,4,False
120214a6-db6a-48e4-aef1-8e1caecd8731,Open,Terri Guzman,2024-03-12,Medium,89.48851687522918,Innovation,1,False
ee8dafe5-816c-4c14-9d18-8e56b6304f1a,Closed,Deborah Cunningham,2024-05-17,Medium,68.97604829472351,Innovation,4,False
f85e19b7-2305-4f1b-8590-9fd9283428bc,Closed,Mr. Derrick Smith,2024-01-28,Medium,75.49355475210452,Innovation,4,False
b0f70762-90ae-4aa3-a1e6-12d129db9f0a,Open,Theodore Powers,2024-10-30,Critical,61.8658101763323,Customer Satisfaction,2,False
07a620f4-59f1-4a25-a035-478f5f1ac434,Open,Laura Rodriguez,2024-10-11,Medium,76.76905353045724,Process Improvement,3,False
50f441fc-7697-4118-8a66-a8cbcbfbdd66,In Progress,Monica Holmes,2024-12-31,Medium,88.43460101400488,Customer Satisfaction,3,False
451e82a1-6dd3-4a4a-a1d1-72fad760d958,Closed,Wayne Morris,2024-09-14,Critical,89.04095419597432,Revenue Growth,3,False
1b711b03-dfae-440c-9aec-8a74b4047735,Closed,Laura Bryant,2024-04-18,Medium,88.32208683170975,Customer Satisfaction,1,False
51aaeefd-93be-4d67-9f8e-1c49c7e2e104,In Progress,Jamie Shaw,2024-04-11,Critical,64.59913532087405,Process Improvement,4,False
babf5866-7dcf-4d48-adde-4fffbc26697a,In Progress,Kathy Davis,2024-10-18,High,91.79248488273575,Customer Satisfaction,2,False
df8640a7-595e-45d7-ae50-556dd67b04cb,Open,Ashley Shaw,2024-09-11,High,97.4085307187859,Customer Satisfaction,2,False
a4dd8e20-17f9-4586-b20a-841dcb30813a,In Progress,Steve Gonzalez DVM,2024-05-14,High,74.25682645316272,Customer Satisfaction,4,True
c43c4f01-f935-47ce-8bf1-e94412868d76,Closed,Dylan Mitchell,2024-12-29,Medium,80.01662234568776,Innovation,4,False
a26f8796-a775-4fbb-97ff-d1f149cfec4a,Open,Susan Blake,2024-10-13,Medium,71.8619138760115,Innovation,3,False
4a657145-23f1-47f7-96d7-a833ae5fa9de,Closed,Steven Abbott,2024-09-28,Medium,77.15984380918202,Cost Reduction,2,False
e848beaf-51ed-4a51-8428-52cde345e3e1,Closed,Melissa Sanchez,2025-03-24,Medium,95.1523032863251,Innovation,4,False
1ceb6b3b-cc98-469f-8b85-123cca38d7bb,Closed,Julie Carter,2024-06-09,Medium,88.08545429971653,Innovation,1,False
102a946a-f1a7-4207-bb56-a748584a2208,Open,Mallory Smith,2025-02-05,Medium,77.38658251856927,Revenue Growth,4,True
f0d5dede-33a2-4606-995c-347b420c8859,Open,Janet Castaneda,2024-09-21,High,70.19869665138813,Cost Reduction,2,True
be9f25d8-c460-44f0-858c-c4f65c7cb7d1,Open,Scott Roberson,2024-07-23,Low,89.39358340933926,Process Improvement,2,False
11e4d672-023e-4871-a3bd-c9c925464ff0,Closed,Tammy Garrett,2025-01-13,Critical,88.56494182510892,Process Improvement,4,False
7f11a1d5-318b-47be-a600-0d93beec666b,Closed,Dawn Gomez,2024-10-17,Medium,81.9748843193116,Process Improvement,3,False
c1b69ed4-7aae-4fb1-8050-e81b312b4fc8,Open,Suzanne Rojas,2024-03-24,High,91.72058153696226,Cost Reduction,4,True
68889932-a776-417f-8e3b-12f315c467b2,In Progress,Rebecca Jackson,2025-02-24,High,88.14152927181992,Cost Reduction,3,False
26f2af21-4619-4085-a990-4ad2cf6667cf,In Progress,Brandon Watkins,2024-11-12,Medium,84.92632191821609,Cost Reduction,3,False
d70187d1-a079-418b-ba17-c956d80fd41a,Closed,George Nichols,2024-03-05,Medium,99.35823025440678,Customer Satisfaction,4,False
2354601a-9b24-4a56-b55c-20d3822f7c7b,In Progress,Stephanie Miranda,2024-08-24,Medium,76.65456744694903,Innovation,2,True
9d78e431-6a82-4699-ba5f-4e14528fad6d,Open,Christina Wheeler,2024-04-21,Low,98.67013632086079,Innovation,4,False
d10ddaa8-428a-4bde-8c79-41ec80dfe6f8,In Progress,Crystal Williamson,2024-07-16,Low,66.3826240416972,Customer Satisfaction,2,False
f9229f37-554a-4f14-8704-3c6f60c4711a,Closed,Margaret Simon,2024-05-05,Critical,71.8591470342344,Innovation,1,False
4bc82f23-3100-438c-ba1b-8b45737d7d8c,Open,Matthew Thompson,2024-08-22,Low,86.36607883631164,Customer Satisfaction,1,True
2e83e474-a027-4497-b2a5-be02320615b8,Closed,Douglas Martin,2024-07-09,Low,89.1959868310381,Customer Satisfaction,2,False
b7918589-2072-46e5-a2bc-e0b35af20b23,Closed,Annette Bates,2024-04-26,Low,74.29586850202365,Revenue Growth,1,False
0d07ef86-b65f-4d9c-b823-5f7cab3b6a2a,Open,Robert Suarez,2024-12-26,Medium,83.6191570483268,Customer Satisfaction,3,False
ee4ab4a9-2173-4f8b-84c6-316126977515,Closed,Tiffany Walker,2025-03-12,Critical,84.38343741961788,Customer Satisfaction,3,False
f7da693e-5689-4c8e-83bc-c7ed4ed33082,Closed,Christopher Hendricks,2024-11-05,High,88.89155313512136,Cost Reduction,2,True
f001c604-61e7-432e-b43a-7d38cd3c7c60,Open,Gregory Griffin,2024-11-22,Medium,96.16828988757871,Process Improvement,3,False
761a9f58-012f-41cf-b489-e7cf11a75714,Open,Cole Arias,2025-01-07,Low,83.92173588041418,Cost Reduction,3,False
7541bc29-794e-4a4e-bfea-44b9858d72a3,Closed,Gerald Shields,2024-08-01,Low,65.81310771253074,Innovation,2,False
76820fd8-599e-45b8-873a-15f5066f3471,Closed,Robert Pollard,2024-05-09,High,98.67126801161517,Innovation,4,False
62202501-a1fa-4095-b012-85ff6b826a2c,Open,Jennifer Watkins,2024-04-14,High,75.98824552024675,Cost Reduction,1,False
ecefa440-4107-48af-80f8-80f3762cc217,In Progress,Robert Ford,2025-01-10,Critical,61.55588392627086,Customer Satisfaction,3,True
4ab7ea24-af86-49e8-b49e-e5349b9da4b7,In Progress,Michael Jimenez,2024-12-05,High,82.7706514396067,Innovation,3,False
adf74423-fc23-4b07-806c-f0b3225dbf45,Closed,Mary Whitaker,2024-04-25,High,71.75576653956058,Customer Satisfaction,1,False
cf52c2c5-f38f-400b-84b9-3dc1e4c0d510,In Progress,Cesar Decker,2024-10-04,Medium,62.23321100704265,Revenue Growth,2,False
bdd461e7-bddb-4256-bb94-1c8d592175c6,Open,Sharon Hogan,2024-08-03,High,74.39899260519793,Cost Reduction,2,False
ed50a9fa-9ea2-433a-b632-29505e2cf9d1,Open,Gregory Butler,2024-04-11,Low,96.6503502509643,Revenue Growth,4,False
7c6f4aeb-6974-4d8e-aa29-9d3e65e9924f,In Progress,Jimmy Mills MD,2024-02-17,Low,78.76046272660557,Innovation,4,False
6126461c-d76f-4ab5-ac6a-649a470b24c5,Closed,Laura Soto,2024-02-08,Low,80.80091001056765,Cost Reduction,4,False
af8939c1-c77d-4366-9039-e8935bc2b8c3,Open,Matthew Smith,2024-03-24,Critical,80.32693372423722,Innovation,4,False
56d3d823-fdd1-4860-9122-ceba9198448e,Closed,Morgan Bell,2024-02-28,Low,91.99151706508917,Customer Satisfaction,4,False
27c4e729-b3cd-4f25-9d79-8b3203753864,Closed,Sarah Li,2024-06-13,Medium,78.57691662787153,Customer Satisfaction,2,False
be91def8-004d-41e8-a349-f5c43d89ca44,In Progress,Henry Kelley,2025-01-13,Medium,94.2659878831423,Innovation,3,False
9c68b416-2c78-4552-b394-856b7c7911f0,Closed,Lori Huerta,2025-03-20,Critical,92.41701773473983,Innovation,3,False
67a16265-2eeb-402c-a493-48ab06bba0e4,Open,Jenna Hernandez,2024-10-25,Medium,99.19482702787295,Cost Reduction,3,False
188be713-2abb-4019-8a1b-d6db3ed287ec,In Progress,Mathew David,2025-04-25,Low,85.82127889526338,Revenue Growth,4,True
5320ff44-ce26-4181-b1ef-8005acd78d05,Open,Alicia Davidson DVM,2025-04-03,Medium,91.18899835030767,Revenue Growth,4,True
5c9bf991-416d-4f3c-a3f4-20b3cfccbd62,Open,Justin Green,2024-08-17,High,62.05211326663611,Revenue Growth,2,False
d08ab861-3ed0-4e10-85e5-a1d4728aed8e,Open,Gary Warner,2024-12-15,Medium,70.06981453659455,Process Improvement,3,False
f4616306-f3b2-4dda-a469-63c4a296015c,In Progress,Andrea Moore,2024-05-08,Critical,74.87792019979787,Customer Satisfaction,1,True
60231d37-ac50-4259-ab9b-47f9111bccba,Open,Devon Morris,2024-07-29,Medium,87.51823607166355,Revenue Growth,2,True
813b68c1-65af-48dc-9632-a2e6900d6603,In Progress,Amanda Kelley,2024-08-04,High,64.27205919263724,Cost Reduction,3,True
607fb5b8-cb0f-4eca-a406-2ea523d33320,In Progress,Annette Thompson,2024-07-08,Low,85.6820176801304,Process Improvement,1,False
2df05fcd-ba1e-4dfa-a5d7-09776f06ae32,Open,Terry Murray,2024-02-19,High,96.85762841430136,Innovation,4,False
ef7106b8-580d-4b99-93ca-13709d98c628,Open,Jill Thompson,2024-08-01,High,73.6861103564836,Cost Reduction,2,False
44871ade-530a-48f0-a039-c817fe6b7a63,In Progress,Cheryl Fritz,2024-01-23,Low,61.961325582525134,Innovation,4,True
8cefc54d-c6be-4e09-96a5-3f91d588451e,Open,Harold Murray,2024-06-22,High,72.88620493791585,Customer Satisfaction,2,False
e82cb402-9f73-484b-bc5c-62088f11ae71,Closed,Jodi Cunningham,2024-12-02,Medium,82.97133838052758,Innovation,4,False
583a9692-de2b-42f8-a0df-c7f6359435a6,Open,Richard Ingram,2024-05-12,Low,66.27712720497665,Innovation,1,True
fb8fd6df-a7af-4e46-ae28-cfaea8d26154,Open,Heather Smith,2024-02-03,High,75.27475551685677,Customer Satisfaction,4,True
02d67793-77a4-4795-a415-88689c3d44af,In Progress,Jane Zuniga,2025-03-16,High,88.67255676421345,Process Improvement,4,False
24c6f16a-7c3c-41f1-961f-39b255bdecc6,In Progress,Shelly Mills,2025-01-05,High,86.8465387529881,Innovation,3,False
229395fd-21a8-41a7-a05d-98834d28386c,In Progress,Joseph Calderon,2024-11-27,High,88.06496720964422,Customer Satisfaction,3,False
6cdc82b1-457a-4862-abb9-2f74cb416e21,In Progress,Miss Diana Steele MD,2025-02-24,Critical,91.67924449460848,Cost Reduction,3,False
1633a91a-ac45-469e-ba75-88b079c4f845,In Progress,Lucas Guerrero,2024-08-05,Medium,74.92629184954325,Customer Satisfaction,2,False
52b5b942-2a9a-45a0-843d-cb8939ac13bd,In Progress,Eric Robinson,2024-08-27,High,81.6483702204403,Revenue Growth,3,False
8d86901d-ee5d-45d4-a838-e3ad850b1fbf,Closed,Richard Miller,2024-11-05,Medium,62.140460318379894,Process Improvement,2,False
03797b20-bd74-4dcf-a5d1-efeff74df518,Open,Caitlin Walker,2024-11-20,High,92.08068087667164,Process Improvement,3,False
ab1d289b-5d0e-4b9f-b348-aa9d83a10acc,Open,Loretta Bates DDS,2024-03-08,Critical,88.07622282889709,Process Improvement,4,True
f69e600d-f69d-4024-9576-cdd578d4f88e,In Progress,Victoria Powell,2024-09-12,Medium,85.96398362461596,Innovation,3,False
140060bd-8201-4368-8ff5-c6ab59d0b26c,Open,Zachary Nguyen,2024-08-19,Medium,74.06214990969978,Innovation,2,False
a8ebedcd-8d6f-4af4-80b4-c7c56cc1a5f9,In Progress,Whitney Evans,2024-04-16,High,72.53063594019072,Revenue Growth,1,True
f8daa1a4-c9fd-4743-91e3-6c278323e698,In Progress,John Jones,2024-09-16,Critical,88.30062003533655,Revenue Growth,1,False
f2f27069-9210-4084-bbaf-265a7913bf43,Open,Ariel Floyd,2024-08-11,High,82.88524741947131,Customer Satisfaction,2,False
59a10533-8b0a-4808-a53a-e8a6e0a0d64f,Closed,Brian Smith,2024-03-11,High,64.17404208042277,Cost Reduction,4,False
ea7a4a13-2aa5-488e-a697-eea4388184cc,In Progress,Matthew Mcgee,2024-12-23,Low,87.72867682402412,Customer Satisfaction,2,False
dc70dfef-c8b7-4c92-aac3-f40ad971128f,In Progress,Carolyn Phelps,2024-04-20,Medium,65.14270978517379,Customer Satisfaction,4,False
7d20d150-6c41-4421-8705-45294a2ffda8,Closed,Barbara George,2024-12-01,Critical,62.08473106727271,Innovation,3,False
1f2a1df6-5a3c-4f62-b4f3-d53743fe5744,In Progress,Jimmy Lowe,2024-09-18,High,80.22094177779938,Innovation,2,False
c4804c76-ef76-4773-a29d-b2cee129ed9a,In Progress,Matthew Simpson,2024-07-30,Critical,81.37525981500639,Cost Reduction,1,False
67e47c9d-73f6-4026-bef3-81aff3b46afa,Open,Timothy Roy,2024-03-02,High,91.74983906790209,Customer Satisfaction,4,True
a0013efd-fa15-4b09-8cfa-72cb3469410f,Closed,Kathryn Moran,2024-07-10,High,78.14545798470806,Revenue Growth,2,True
8ee9cf7a-e702-43f8-b353-230c5f9aabf8,Open,Kelli Chavez,2024-10-21,Low,82.11872132668704,Customer Satisfaction,2,False
568348c1-cb32-4ece-9f7e-927874a19f2e,In Progress,Jennifer Good,2024-07-05,Medium,85.49531672338983,Process Improvement,1,False
c03a528d-7776-4cf8-b501-d52c2954b07c,In Progress,Scott Reynolds,2024-02-06,Low,65.50332956728087,Customer Satisfaction,4,True
bc93307e-c3b7-4034-ac96-5ca6f7d15a94,Closed,Anthony Hill,2024-05-04,Medium,92.56166406538152,Cost Reduction,4,False
97885fdd-cf4d-48cf-a7f6-ffcde12d960d,In Progress,Alexandra Morrison,2024-09-14,Low,89.8594914455858,Customer Satisfaction,2,False
d48eb0ac-a038-4cbf-8e98-16101e87cd2c,Open,Elizabeth Mullen,2024-11-19,Medium,66.22116286443126,Process Improvement,2,False
d05403b8-1cff-4ad3-b3a2-c9a5336f9432,Open,Heather Carpenter,2024-04-04,Critical,85.6731943475612,Customer Satisfaction,1,False
