sys_updated_by,target_percentage,category,priority,state,metric,owner,percent_complete,sys_id,description,goal_met
admin,89,Efficiency,Medium,Planned,Survey Score,user079,51.0,G000000,Optimize IT support workflows to decrease ticket resolution time by 30% within the next quarter.,False
admin,84,Cost Reduction,Low,Cancelled,Survey Score,user080,69.12163690547594,G000001,Reduce overhead expenses by optimizing supplier contracts and utility management to achieve a reduction of at least 20% from the previous fiscal year's figures.,False
admin,88,Revenue Growth,Low,Planned,Sales Increase,user098,59.0,G000002,Increase annual revenue by 20% through expansion of digital sales channels and enhanced marketing strategies targeting new demographics.,False
admin,77,Revenue Growth,Medium,In Progress,Sales Increase,user051,38.9122237972055,G000003,Strategize to increase annual subscription revenue by 20% through improved customer retention and acquisition campaigns.,False
admin,77,Cost Reduction,Low,In Progress,Survey Score,user020,77.24506549557182,G000004,"Reduce operational expenses by optimizing energy usage, aiming for a 20% cost savings by the end of the fiscal year.",True
admin,54,Cost Reduction,High,In Progress,Sales Increase,user000,17.701163102785834,G000005,"Reduce operational expenses by optimizing energy usage across all company facilities, aiming for a 20% decrease in total energy costs by the end of the fiscal year.",False
admin,74,Efficiency,Critical,Planned,Expense Ratio,user007,51.0,G000006,Optimize IT support workflow to achieve a 20% decrease in average ticket resolution time by the end of Q2.,False
admin,84,Employee Satisfaction,Medium,In Progress,Survey Score,user088,82.57979362261095,G000007,"Develop and conduct quarterly employee satisfaction surveys to identify improvement areas, aiming to boost overall satisfaction scores by 20% within the next fiscal year.",False
admin,79,Employee Satisfaction,Critical,In Progress,Survey Score,user028,45.48328751635138,G000008,Launch a quarterly employee feedback survey to identify areas for improvement in work-life balance and overall job satisfaction.,False
admin,61,Customer Satisfaction,Low,Planned,Sales Increase,user028,45.0,G000009,Increase customer satisfaction scores by 10% by improving response times and offering personalized support solutions.,False
admin,96,Cost Reduction,High,In Progress,Employee Turnover Rate,user043,15.0,G000010,"Optimize IT asset management to cut technology expenditure by 20%, aiming to save at least $150,000 in the next fiscal year.",False
admin,63,Employee Satisfaction,Medium,In Progress,Employee Turnover Rate,user094,47.6950103607149,G000011,Develop and launch an annual employee satisfaction survey to improve workplace environment ratings by at least 20% over the next fiscal year.,False
admin,67,Cost Reduction,Low,Completed,Expense Ratio,user035,83.0,G000012,Optimize supply chain logistics to achieve at least a 20% reduction in transportation expenses within the next fiscal year.,True
admin,70,Customer Satisfaction,High,In Progress,Survey Score,user003,76.5505395124903,G000013,"Enhance the customer support portal to improve user experience, aiming to increase satisfaction scores by at least 20% in the upcoming quarter.",True
admin,57,Cost Reduction,Medium,In Progress,Sales Increase,user031,21.0,G000014,Introduce automation in invoice processing to cut operational costs by 20% within the next fiscal year.,False
admin,95,Customer Satisfaction,Critical,In Progress,Employee Turnover Rate,user070,98.7773928345589,G000015,Enhance the customer support chat system to improve resolution times and increase customer satisfaction ratings by 20% by the end of Q4.,True
admin,58,Customer Satisfaction,Critical,In Progress,Survey Score,user078,9.0,G000016,Develop a new customer feedback system to increase satisfaction ratings by 20% over the next quarter.,False
admin,90,Efficiency,High,Cancelled,Sales Increase,user096,98.64822287566025,G000017,Optimize the use of digital tools to reduce the average process turnaround time by 30% within the next fiscal quarter.,True
admin,99,Cost Reduction,Critical,In Progress,Employee Turnover Rate,user003,21.0,G000018,Optimize IT infrastructure management to achieve a 20% reduction in operational costs over the next fiscal year.,False
admin,98,Efficiency,Critical,In Progress,Survey Score,user001,76.9933379728875,G000019,"Enhance the existing workflow system to reduce the average processing time for customer service tickets by 30%, aiming to improve handling from 24 hours to under 17 hours.",False
admin,89,Employee Satisfaction,Critical,In Progress,Expense Ratio,user096,17.643460592924978,G000020,"Increase employee satisfaction by enhancing workplace environment and introducing flexible working hours, aiming for a 20% improvement in the annual employee satisfaction survey results.",False
admin,80,Cost Reduction,High,In Progress,Employee Turnover Rate,user054,42.42295937147029,G000021,"Reduce overhead expenses by optimizing the use of office resources, targeting a 20% cost saving within the next financial quarter.",False
admin,89,Cost Reduction,Critical,In Progress,Sales Increase,user030,88.0,G000022,"Develop automation in invoice processing to cut administrative expenses by 20%, aiming to save at least $50,000 annually.",False
admin,62,Cost Reduction,Critical,Completed,Survey Score,user067,90.79305827889888,G000023,"Reduce overall IT spending by optimizing software licensing agreements and reducing redundant technology tools, aiming for a 20% cost savings by Q4.",True
admin,91,Cost Reduction,Medium,Completed,Survey Score,user048,100.0,G000024,Reduce overall IT spending by consolidating vendor contracts and achieving a cost saving of 20% over the next fiscal year.,True
admin,84,Cost Reduction,Critical,In Progress,Survey Score,user014,35.075861711390274,G000025,"Reduce overall software licensing costs by optimizing license allocation and eliminating unnecessary expenditures, targeting a 20% savings amounting to approximately $50K annually.",False
admin,56,Customer Satisfaction,High,In Progress,Expense Ratio,user026,16.0,G000026,Develop a new customer feedback system to increase overall satisfaction ratings by 20% within the next financial quarter.,False
admin,78,Employee Satisfaction,Critical,In Progress,Sales Increase,user080,67.0,G000027,"Increase employee satisfaction ratings by promoting work-life balance, optimizing work environments, and enhancing internal communication effectiveness based on annual survey feedback.",False
admin,73,Cost Reduction,Low,In Progress,Survey Score,user030,58.21303257444529,G000028,Reduce overall IT infrastructure expenditure by 20% through the adoption of cloud-based services and renegotiating vendor contracts.,False
admin,97,Customer Satisfaction,Low,In Progress,Employee Turnover Rate,user075,45.0,G000029,Develop a new customer feedback system to increase satisfaction ratings by 20% over the next fiscal year.,False
admin,73,Efficiency,Medium,In Progress,Expense Ratio,user021,27.0,G000030,"Optimize the IT helpdesk response time by introducing automation in ticket sorting, aiming to enhance operational efficiency by 20% within the next quarter.",False
admin,98,Customer Satisfaction,Low,In Progress,Employee Turnover Rate,user016,100.0,G000031,Develop a new customer feedback system to improve overall satisfaction ratings by 20% in the upcoming fiscal year.,True
admin,54,Cost Reduction,Critical,Completed,Employee Turnover Rate,user078,95.0,G000032,Achieve a 10% reduction in operational expenses by optimizing energy usage and renegotiating supplier contracts within the next fiscal year.,True
admin,80,Customer Satisfaction,High,Completed,Expense Ratio,user031,100.0,G000033,Enhance the customer support portal to improve the satisfaction rating by 20% over the next fiscal year.,True
admin,73,Cost Reduction,Low,Completed,Employee Turnover Rate,user039,100.0,G000034,"Reduce operational expenses by optimizing energy usage across all company facilities, aiming for a 20% reduction in energy costs over the next fiscal year.",True
admin,83,Cost Reduction,Medium,In Progress,Employee Turnover Rate,user060,28.0,G000035,Achieve a 20% decrease in IT operational expenses by optimizing software licensing and eliminating redundant cloud storage.,False
admin,70,Employee Satisfaction,Low,Completed,Employee Turnover Rate,user064,99.0,G000036,Develop and implement an enhanced employee recognition program aimed at improving overall job satisfaction and reducing annual turnover by 20%.,True
admin,56,Efficiency,Medium,Completed,Employee Turnover Rate,user045,91.42944285668419,G000037,"Optimize IT support workflows to reduce ticket resolution time by 30%, thereby enhancing overall operational efficiency.",True
admin,52,Cost Reduction,Critical,In Progress,Sales Increase,user074,33.51522295627305,G000038,Reduce software licensing costs by 20% through vendor renegotiations and adopting more open-source solutions.,False
admin,76,Revenue Growth,High,Cancelled,Employee Turnover Rate,user007,44.0,G000039,Increase annual software sales revenue by 20% through targeted marketing campaigns and expanding into new geographic markets.,False
admin,83,Cost Reduction,Low,Cancelled,Sales Increase,user036,78.0160673167014,G000040,Reduce overall software licensing expenses by 20% by negotiating multi-year contracts and eliminating underutilized subscriptions.,False
admin,52,Employee Satisfaction,High,In Progress,Survey Score,user091,46.806824562874155,G000041,Develop and launch a quarterly employee satisfaction survey to enhance engagement and reduce turnover by improving workplace policies based on feedback.,False
admin,59,Cost Reduction,Low,In Progress,Survey Score,user017,21.0,G000042,Achieve a 20% reduction in IT operational expenses by optimizing server utilization and negotiating better terms with software vendors.,False
admin,60,Employee Satisfaction,Medium,In Progress,Employee Turnover Rate,user034,40.0,G000043,Develop and implement a comprehensive wellness program to increase employee satisfaction scores by 20% over the next fiscal year.,False
admin,85,Customer Satisfaction,Low,Completed,Sales Increase,user012,100.0,G000044,Increase overall customer satisfaction ratings by enhancing support services and implementing a feedback-based improvement strategy to achieve a 20% improvement in customer survey results.,True
admin,96,Cost Reduction,High,Completed,Sales Increase,user015,100.0,G000045,Reduce IT operational expenses by 20% through consolidation of software licenses and renegotiating vendor contracts.,True
admin,92,Cost Reduction,High,In Progress,Expense Ratio,user069,79.47309208867733,G000046,"Reduce operational expenses by optimizing energy use across all facilities, aiming for a 20% reduction in utility costs over the next fiscal year.",False
admin,73,Revenue Growth,Medium,Cancelled,Survey Score,user080,49.0,G000047,"Increase annual subscription renewals by 20% through targeted customer engagement strategies and upselling new features, aiming to boost overall revenue from $500K to $600K.",False
admin,64,Customer Satisfaction,Critical,Completed,Employee Turnover Rate,user096,94.23241670939206,G000048,Develop a new customer feedback system to enhance satisfaction ratings by 20% in the next fiscal year through improved service response times and personalized support.,True
admin,80,Cost Reduction,Medium,In Progress,Expense Ratio,user059,30.626709925375874,G000049,"Reduce operational expenses by optimizing resources and automating manual processes, aiming to achieve a 20% cost reduction over the next fiscal year.",False
admin,77,Efficiency,High,In Progress,Sales Increase,user083,23.640660410603182,G000050,"Enhance software deployment across the organization to reduce average setup time by 25% next quarter, allowing for faster project initiations.",False
admin,95,Customer Satisfaction,Critical,In Progress,Sales Increase,user032,68.97050444885487,G000051,Develop a new customer feedback system to improve satisfaction scores by over 20% for our support services.,False
admin,91,Cost Reduction,Low,Completed,Sales Increase,user089,100.0,G000052,Implement automated software solutions to decrease operational expenses by 10% over the next fiscal quarter.,True
admin,64,Customer Satisfaction,Medium,In Progress,Sales Increase,user064,54.0,G000053,Develop and deploy a new customer feedback system to increase satisfaction scores by 20% over the next fiscal year.,False
admin,77,Cost Reduction,Critical,In Progress,Employee Turnover Rate,user099,30.354014676464857,G000054,"Reduce operational expenses by optimizing energy usage across all branches, targeting a 20% cost saving by the end of Q4.",False
admin,78,Efficiency,Low,Completed,Expense Ratio,user051,100.0,G000055,"Increase operational efficiency by automating routine data entry tasks, aiming to reduce manual processing time by 30%.",True
admin,56,Customer Satisfaction,Critical,In Progress,Expense Ratio,user035,74.06677207005553,G000056,Develop a new feedback system to improve customer satisfaction ratings by 20% over the next 12 months by capturing real-time service experiences.,True
admin,83,Customer Satisfaction,Medium,Completed,Employee Turnover Rate,user065,100.0,G000057,Develop a new customer feedback system to achieve a 20% improvement in customer satisfaction scores by the end of Q4.,True
admin,76,Cost Reduction,Low,In Progress,Employee Turnover Rate,user038,26.871611245606914,G000058,"Reduce IT operational expenditures by optimizing cloud usage and renegotiating vendor contracts, aiming for a 20% cost saving within the next fiscal year.",False
admin,56,Customer Satisfaction,High,Completed,Survey Score,user068,100.0,G000059,Enhance the customer support portal to improve user experience and increase customer satisfaction ratings by 20% over the next six months.,True
admin,62,Employee Satisfaction,High,In Progress,Survey Score,user075,50.0,G000060,Develop and implement a comprehensive employee wellness program aimed at improving overall job satisfaction and reducing burnout rates by 20%.,False
admin,75,Cost Reduction,High,Completed,Sales Increase,user002,90.62549852103311,G000061,"Reduce operational expenditures by optimizing energy consumption across all company facilities, aiming for a 20% reduction over the next fiscal year.",True
admin,61,Cost Reduction,Low,In Progress,Survey Score,user079,20.0,G000062,Develop strategic supplier partnerships to decrease overall material costs by 20% within the next fiscal year.,False
admin,63,Revenue Growth,Low,Cancelled,Employee Turnover Rate,user014,16.0,G000063,"Expand digital services portfolio to increase client base by 20% within the next fiscal year, aiming to boost revenue by approximately $500K.",False
admin,72,Customer Satisfaction,Low,In Progress,Expense Ratio,user029,36.14674386658811,G000064,Develop a new customer feedback system to improve response rates by 30% and enhance satisfaction scores from 3.5 to 4.5 stars on average.,False
admin,81,Cost Reduction,High,Cancelled,Survey Score,user009,47.288746831136535,G000065,"Reduce operational expenses by optimizing energy usage across all corporate offices, aiming for a 20% decrease in utility bills over the next fiscal year.",False
admin,78,Cost Reduction,High,In Progress,Sales Increase,user081,50.703059490099164,G000066,Reduce operational expenses by consolidating vendor contracts and renegotiating terms to achieve a 20% cost savings within the next fiscal year.,False
admin,91,Employee Satisfaction,Medium,In Progress,Employee Turnover Rate,user015,80.51758918641502,G000067,Launch a quarterly employee feedback survey to identify key areas for improvement in workplace conditions and aim to increase overall employee satisfaction ratings by 20%.,False
admin,59,Cost Reduction,Low,Cancelled,Survey Score,user089,38.22878733095337,G000068,"Reduce software license expenses by consolidating vendors and negotiating better rates, aiming for a 20% cost reduction over the next fiscal year.",False
admin,55,Efficiency,Low,In Progress,Sales Increase,user017,29.12927812802769,G000069,"Enhance customer service response times by adopting an integrated ticketing system, aiming to reduce resolution times by 20%.",False
admin,62,Employee Satisfaction,Low,In Progress,Sales Increase,user060,44.0,G000070,Develop and launch an employee feedback tool by Q2 to increase employee satisfaction scores by 20%.,False
admin,96,Employee Satisfaction,Low,Cancelled,Expense Ratio,user098,35.0,G000071,"Develop and implement a new feedback system aimed at increasing employee involvement in decision making, aimed at enhancing overall job satisfaction by 20% over the next fiscal year.",False
admin,64,Customer Satisfaction,Critical,In Progress,Survey Score,user098,78.2231457629148,G000072,Develop a new customer feedback system to improve response rates and satisfaction scores by 20% over the next 12 months.,True
admin,70,Cost Reduction,Medium,Planned,Survey Score,user090,62.0,G000073,"Optimize utilization of IT assets to decrease operational expenses by 20%, aiming to save around $300K by end of Q4.",False
admin,100,Customer Satisfaction,Low,Planned,Employee Turnover Rate,user004,100.0,G000074,"Enhance the customer support portal to improve resolution times by 20%, aiming for higher satisfaction scores on post-service surveys.",True
admin,81,Cost Reduction,High,In Progress,Expense Ratio,user044,85.56150795257392,G000075,"Reduce software licensing fees by consolidating vendor contracts and eliminating underused or redundant licenses, aiming to lower expenditures by 20% over the next fiscal year.",True
admin,82,Cost Reduction,Low,In Progress,Survey Score,user073,83.19166254960204,G000076,Reduce operational expenses by 10% through improved vendor negotiations and contract management.,True
admin,63,Efficiency,Low,In Progress,Employee Turnover Rate,user011,21.0,G000077,"Optimize workflow automation to increase team productivity by 20%, reducing manual tasks for data entry and report generation.",False
admin,59,Employee Satisfaction,Medium,In Progress,Expense Ratio,user061,5.0,G000078,Develop and implement a quarterly employee engagement program aimed at boosting overall job satisfaction by 20% as measured by annual staff surveys.,False
admin,81,Customer Satisfaction,Critical,Completed,Sales Increase,user090,100.0,G000079,Enhance the customer service interface to improve response times and increase customer satisfaction ratings by 20% over the next fiscal year.,True
admin,76,Revenue Growth,High,In Progress,Survey Score,user045,69.0,G000080,Develop new market segments to increase overall revenue by 20% over the next fiscal year.,False
admin,54,Cost Reduction,Critical,In Progress,Employee Turnover Rate,user072,45.0,G000081,Optimize internal software licenses to achieve a cost reduction of 20% by Q3 by eliminating unused or underused subscriptions.,False
admin,77,Customer Satisfaction,Critical,Completed,Sales Increase,user092,100.0,G000082,Develop a new customer feedback system to achieve a 20% improvement in satisfaction scores by the end of Q4.,True
admin,52,Customer Satisfaction,Critical,In Progress,Expense Ratio,user035,33.54920887279255,G000083,Develop and implement a new customer feedback system to enhance satisfaction scores by 20% over the next fiscal year through improved response rates and resolution efficiency.,False
admin,52,Cost Reduction,Medium,In Progress,Survey Score,user084,39.992768883943256,G000084,"Reduce operational costs by optimizing energy usage across all company facilities, aiming for a 20% reduction in electricity and heating expenses within the next fiscal year.",False
admin,82,Cost Reduction,Low,Cancelled,Sales Increase,user064,51.459589466387186,G000085,"Reduce operational expenses by optimizing energy usage across all company facilities, aiming for a 20% cost saving within the next fiscal year.",False
admin,56,Cost Reduction,Low,Planned,Employee Turnover Rate,user001,28.60745072383397,G000086,"Reduce overall software licensing fees by negotiating multi-year contracts, aiming for a 20% cost saving over the next 2 years.",False
admin,51,Efficiency,Low,In Progress,Survey Score,user079,49.53968588747696,G000087,Enhance the automation of repetitive tasks to improve overall team efficiency by reducing processing time by 30%.,False
admin,62,Employee Satisfaction,Low,Completed,Expense Ratio,user035,72.0,G000088,Develop and implement staff recognition programs aimed at boosting employee satisfaction scores by over 20% for the upcoming fiscal year.,True
admin,79,Customer Satisfaction,Medium,In Progress,Expense Ratio,user044,67.9224767069397,G000089,Improve response time in customer support queries to enhance satisfaction rates by 20% over the next quarter.,False
admin,100,Efficiency,Critical,In Progress,Expense Ratio,user086,77.52898120809753,G000090,"Optimize IT support workflow to reduce ticket resolution time by 20%, aiming to enhance overall user satisfaction and operational efficiency.",False
admin,71,Cost Reduction,Low,Completed,Sales Increase,user003,100.0,G000091,Reduce overall IT expenditures by consolidating vendor contracts and achieving a 20% cost saving in the next fiscal year.,True
admin,92,Efficiency,High,In Progress,Expense Ratio,user074,83.0,G000092,Optimize IT helpdesk response times by 30% through the implementation of automated ticketing systems and staff training.,False
admin,98,Efficiency,Low,In Progress,Survey Score,user007,10.0,G000093,"Optimize internal workflow to decrease project delivery times by 20%, thereby enhancing overall operational efficiency.",False
admin,93,Customer Satisfaction,High,In Progress,Employee Turnover Rate,user054,72.0,G000094,Develop a new customer feedback system to increase satisfaction scores by 20% within the next fiscal year through enhanced response mechanisms and tailored services.,False
admin,63,Employee Satisfaction,Medium,Completed,Employee Turnover Rate,user027,76.0,G000095,Launch a quarterly employee feedback survey to increase overall employee satisfaction scores by 20% over the next fiscal year.,True
admin,81,Revenue Growth,Critical,Completed,Sales Increase,user096,88.0,G000096,Develop a new customer partnership strategy aimed at increasing revenue streams from digital channels by 20% over the next fiscal year.,True
admin,91,Revenue Growth,Low,Completed,Sales Increase,user002,92.0,G000097,"Develop and launch a new product line by Q4 to increase overall revenue by 20%, targeting emerging markets in Asia and South America.",True
admin,87,Revenue Growth,High,Planned,Employee Turnover Rate,user065,39.0,G000098,Develop and launch a new software product line that is projected to increase company revenue by 20% within the first year.,False
admin,79,Revenue Growth,Critical,In Progress,Employee Turnover Rate,user057,75.0,G000099,Develop and launch a new software product by Q4 to increase annual recurring revenue by 20%.,False
admin,96,Cost Reduction,Low,Cancelled,Survey Score,user071,57.0,G000100,Enhance supplier negotiation strategies to achieve a 20% reduction in overall supply costs by the end of Q4.,False
admin,50,Customer Satisfaction,Critical,Cancelled,Sales Increase,user093,60.63057536524182,G000101,Enhance the customer support portal interface to improve user experience and increase customer satisfaction ratings by at least 20% within the next fiscal year.,True
admin,77,Revenue Growth,Medium,In Progress,Expense Ratio,user063,28.0,G000102,Develop and launch a new product line aimed at increasing annual revenue by 20% by expanding into Latin American markets.,False
admin,75,Employee Satisfaction,Critical,Planned,Survey Score,user093,18.032611955821267,G000103,"Launch a quarterly feedback survey to enhance employee engagement and satisfaction, aiming to improve overall scores by 20% over the next year.",False
admin,98,Employee Satisfaction,High,In Progress,Expense Ratio,user070,74.62783732213002,G000104,Launch a quarterly feedback survey to enhance employee satisfaction and implement at least two major improvements based on the results by the end of the year.,False
admin,75,Cost Reduction,Medium,Completed,Employee Turnover Rate,user041,100.0,G000105,"Reduce overall software licensing expenses by negotiating volume discounts and alternative solutions, aiming for a 20% cost reduction within the next financial year.",True
admin,93,Employee Satisfaction,High,In Progress,Expense Ratio,user044,79.18596035710846,G000106,Develop a quarterly team-building program to improve employee engagement scores by 20% over the next fiscal year.,False
admin,73,Employee Satisfaction,High,Completed,Sales Increase,user093,96.0,G000107,"Develop and launch a series of employee well-being programs to boost job satisfaction and morale, aiming for a 20% increase in employee satisfaction survey scores by Q4.",True
admin,69,Revenue Growth,Low,Cancelled,Sales Increase,user017,57.0,G000108,Increase the annual sales revenue by 20% through enhanced digital marketing strategies and expanding our distribution channels.,False
admin,66,Revenue Growth,Medium,In Progress,Employee Turnover Rate,user016,64.0,G000109,"Expand sales team territory coverage to increase annual sales revenue by 20%, targeting new regional markets.",False
admin,83,Cost Reduction,Critical,In Progress,Survey Score,user096,96.60382347959403,G000110,"Reduce operational expenditures by optimizing energy usage across all facilities, aiming for a 20% cost reduction within the next fiscal year.",True
admin,100,Efficiency,Low,In Progress,Expense Ratio,user039,4.0,G000111,"Enhance software deployment workflows to increase operational efficiency by 20%, reducing average deployment time from 5 hours to 4 hours.",False
admin,82,Cost Reduction,Medium,In Progress,Survey Score,user034,23.49709807495439,G000112,Reduce overall software licensing costs by 20% through renegotiating vendor contracts and eliminating underused software licenses.,False
admin,54,Customer Satisfaction,High,Completed,Employee Turnover Rate,user005,77.0,G000113,Increase the customer satisfaction score by 20% by improving response times and offering more personalized support solutions.,True
admin,64,Employee Satisfaction,Low,In Progress,Employee Turnover Rate,user042,52.0,G000114,Develop and implement a quarterly employee engagement program aimed at improving overall job satisfaction scores by 20%.,False
admin,82,Efficiency,Medium,Cancelled,Employee Turnover Rate,user077,42.0,G000115,"Increase database query efficiency by optimizing existing data indexing, aiming for a 30% reduction in response times for user queries on the customer service platform.",False
admin,89,Cost Reduction,Medium,In Progress,Expense Ratio,user025,74.47508493853503,G000116,"Reduce operational expenses by optimizing software licensing agreements, targeting an annual savings of 20% over last fiscal year.",False
admin,63,Employee Satisfaction,High,Completed,Expense Ratio,user063,83.0,G000117,Develop and implement a comprehensive employee wellness program aimed at improving overall job satisfaction and reducing yearly employee turnover by 20%.,True
admin,62,Revenue Growth,Medium,In Progress,Employee Turnover Rate,user034,26.0,G000118,Develop a new Strategic Client Program to increase overall revenue by 20% in the next fiscal year.,False
admin,98,Revenue Growth,High,In Progress,Employee Turnover Rate,user074,96.0,G000119,Develop new partnerships with leading global retailers to increase annual revenue by 20%.,False
admin,77,Cost Reduction,Critical,In Progress,Survey Score,user023,47.0,G000120,Optimize supplier contracts and renegotiate terms to achieve a 20% reduction in operational expenses over the next fiscal year.,False
admin,78,Revenue Growth,Medium,Completed,Sales Increase,user013,84.0,G000121,Expand sales team to increase revenue from new market sectors targeted for a 20% growth in the next fiscal year.,True
admin,61,Cost Reduction,Critical,In Progress,Employee Turnover Rate,user089,42.25626458640358,G000122,"Reduce the overall IT operational expenses by 20%, aiming to cut down from $500,000 to $400,000 through automation of routine tasks and renegotiation of vendor contracts.",False
admin,58,Customer Satisfaction,High,Completed,Sales Increase,user083,78.49692710127752,G000123,Develop and launch a new customer feedback system by Q2 to improve customer satisfaction scores by at least 20% over the previous year.,True
admin,89,Cost Reduction,Medium,Completed,Sales Increase,user024,100.0,G000124,"Reduce operational expenses by optimizing energy usage across all corporate facilities, aiming to cut energy costs by 20% within the next fiscal year.",True
admin,89,Efficiency,Medium,Completed,Expense Ratio,user046,101.0,G000125,"Enhance the IT support ticket system to decrease average resolution time by 30%, improving overall operational efficiency.",True
admin,59,Cost Reduction,Low,Completed,Survey Score,user018,94.55486865450331,G000126,Reduce overall IT spending by consolidating software licenses and renegotiating vendor contracts to achieve a 20% cost saving in the next fiscal year.,True
admin,55,Revenue Growth,Medium,In Progress,Expense Ratio,user006,31.0,G000127,Develop new regional markets for the flagship product line aiming to boost total revenue by 20% by the end of the fiscal year.,False
admin,92,Cost Reduction,Low,In Progress,Employee Turnover Rate,user008,85.30053158932664,G000128,"Reduce software licensing expenses by consolidating redundant tools, aiming for a 20% cost savings in the next fiscal year.",False
admin,89,Employee Satisfaction,Low,In Progress,Employee Turnover Rate,user078,21.0,G000129,Develop and implement a quarterly team-building program to enhance employee satisfaction scores by 20% over the next fiscal year.,False
admin,94,Revenue Growth,Critical,In Progress,Expense Ratio,user003,84.39281985290117,G000130,Develop new marketing strategies to increase annual revenue by 20% through improved online engagement and customer retention.,False
admin,67,Cost Reduction,Low,Completed,Employee Turnover Rate,user016,100.0,G000131,Reduce software maintenance expenses by renegotiating vendor contracts to achieve a 20% cost saving over the next financial year.,True
admin,67,Cost Reduction,Low,Planned,Sales Increase,user035,57.13294601034742,G000132,"Reduce overhead expenses by optimizing energy usage within all facilities, aiming for a 20% decrease in utility costs over the next fiscal year.",False
admin,81,Efficiency,High,In Progress,Expense Ratio,user083,13.0,G000133,Increase automation of report generation processes to enhance operational efficiency by reducing manual hours by 20%.,False
admin,98,Cost Reduction,Low,Planned,Employee Turnover Rate,user082,32.0,G000134,Initiate a comprehensive review of vendor contracts to achieve a 20% cost reduction in IT expenditure by the end of the fiscal year.,False
admin,57,Customer Satisfaction,Critical,Cancelled,Expense Ratio,user051,68.98486870633695,G000135,Improve customer support response times by 30% by upgrading our CRM software and training staff on efficient customer interaction protocols.,True
admin,75,Revenue Growth,Medium,Completed,Expense Ratio,user067,92.0,G000136,"Enhance our online platform to increase user subscriptions by 20% within the next fiscal year, aiming to boost overall revenue from digital channels.",True
admin,68,Employee Satisfaction,Low,In Progress,Expense Ratio,user006,78.34063482425847,G000137,"Develop a comprehensive training program for middle management to improve leadership skills, aiming to increase employee satisfaction scores by 20% in the upcoming employee survey.",True
admin,63,Revenue Growth,Critical,In Progress,Survey Score,user060,39.0,G000138,"Expand our market presence in Asia by 20%, aiming to increase annual revenue from $2M to $2.4M through strategic partnerships and direct marketing initiatives.",False
admin,95,Cost Reduction,Low,In Progress,Employee Turnover Rate,user077,89.04809869832408,G000139,"Reduce operational expenditures by optimizing logistics routes, aiming to cut transportation costs by 20% over the next fiscal year.",False
admin,66,Revenue Growth,Low,In Progress,Expense Ratio,user058,6.0,G000140,Expand market presence in Asia to increase annual revenue by 20% over the next fiscal year.,False
admin,92,Customer Satisfaction,Medium,In Progress,Employee Turnover Rate,user038,84.0,G000141,"Develop a new customer feedback system aimed at improving response rates by 30%, thereby increasing overall customer satisfaction scores.",False
admin,72,Efficiency,Medium,In Progress,Employee Turnover Rate,user085,74.17492440432194,G000142,"Enhance system automation to reduce manual data entry by 30%, thereby increasing overall process efficiency and reducing potential errors.",True
admin,66,Revenue Growth,Medium,Completed,Sales Increase,user030,93.0,G000143,Develop a new strategic plan for market expansion that aims to increase revenue by 20% through the introduction of two new products over the next fiscal year.,True
admin,93,Cost Reduction,High,In Progress,Expense Ratio,user058,51.0,G000144,Optimize IT infrastructure to achieve at least a 20% reduction in operational costs over the next fiscal year.,False
admin,52,Cost Reduction,Low,In Progress,Sales Increase,user075,14.0,G000145,"Optimize the number of software licenses used within the company to decrease IT operational costs by 20%, aiming for a saving of approximately $50,000 annually.",False
admin,53,Revenue Growth,High,In Progress,Survey Score,user013,17.0,G000146,Expand into three new international markets by Q4 2024 to increase overall revenue by 20%.,False
admin,52,Employee Satisfaction,Critical,Completed,Sales Increase,user008,55.0,G000147,Initiate a quarterly feedback survey to enhance employee satisfaction and increase retention rates by 20%.,True
admin,57,Cost Reduction,Medium,In Progress,Survey Score,user054,62.744078604766216,G000148,"Reduce operational expenses by optimizing energy usage across all company facilities, aiming for a 20% reduction by Q4.",True
admin,92,Cost Reduction,High,In Progress,Employee Turnover Rate,user085,56.69753950055216,G000149,"Reduce operational expenditure by optimizing resource allocation and automating routine tasks, aiming to lower costs by 20% within the next fiscal year.",False
admin,51,Revenue Growth,Critical,Completed,Expense Ratio,user013,73.0,G000150,Increase annual revenue by 20% through strategic partnerships and enhancing online sales channels.,True
admin,67,Revenue Growth,Medium,In Progress,Survey Score,user077,64.0,G000151,"Expand sales outreach to three new regions, aiming to increase overall revenue by 20% within the next fiscal year.",False
admin,60,Cost Reduction,Low,In Progress,Employee Turnover Rate,user049,35.60054164948873,G000152,"Reduce operational expenses by optimizing energy usage across all corporate facilities, targeting a cost saving of 20% over the next fiscal year.",False
admin,96,Customer Satisfaction,Critical,Planned,Expense Ratio,user067,57.434431930607865,G000153,Enhance the online support portal to improve user experience and increase customer satisfaction ratings by at least 20% over the next 12 months.,False
admin,52,Cost Reduction,Low,In Progress,Expense Ratio,user000,39.152236276961304,G000154,"Reduce software licensing fees by negotiating bulk purchase agreements, aiming for a 20% reduction in IT spending over the next fiscal year.",False
admin,60,Revenue Growth,Medium,Completed,Expense Ratio,user057,87.0,G000155,Develop new customer acquisition strategies aimed at increasing annual revenue by 20% through expanding into untapped markets and optimizing digital marketing campaigns.,True
admin,95,Cost Reduction,Low,Cancelled,Employee Turnover Rate,user016,90.82210699099511,G000156,"Reduce operational expenses by optimizing the workflow of the IT department, aiming to decrease spending by 20% within the next fiscal year.",False
admin,77,Customer Satisfaction,Medium,In Progress,Employee Turnover Rate,user055,50.728330965926965,G000157,Develop a comprehensive customer feedback system to improve satisfaction scores by over 20% within the next fiscal year.,False
admin,72,Revenue Growth,High,Completed,Employee Turnover Rate,user011,91.0,G000158,Develop new marketing strategies to increase annual revenue by 20% through enhanced digital presence and customer engagement.,True
admin,85,Cost Reduction,Medium,Completed,Expense Ratio,user058,100.0,G000159,"Reduce overall IT expenses by optimizing software licensing agreements, aiming for a 20% reduction in annual spend.",True
admin,88,Efficiency,High,In Progress,Employee Turnover Rate,user066,43.83751877198148,G000160,"Enhance the automated ticket resolution system to improve response time by 20%, aiming to resolve issues within 2 hours.",False
admin,98,Customer Satisfaction,Medium,In Progress,Survey Score,user075,60.17972287080224,G000161,Develop a new customer feedback system to improve satisfaction scores by 20% through enhanced real-time response capabilities.,False
admin,70,Efficiency,High,In Progress,Expense Ratio,user008,82.00580727155582,G000162,"Optimize IT support processes to enhance response time by 30%, aiming to improve overall user satisfaction and operational efficiency.",True
admin,87,Cost Reduction,High,In Progress,Expense Ratio,user096,34.75024299798209,G000163,"Reduce overall IT expenditure by consolidating software licenses, aiming for a 20% cost saving within the next fiscal year.",False
admin,76,Customer Satisfaction,Critical,In Progress,Sales Increase,user008,59.0,G000164,Develop a comprehensive feedback system aimed at enhancing customer service responsiveness and increasing satisfaction ratings by 20% over the next fiscal year.,False
admin,74,Employee Satisfaction,Medium,Cancelled,Employee Turnover Rate,user098,32.0,G000165,Develop a new employee wellness program aimed at improving overall staff satisfaction scores by 20% over the next fiscal year.,False
admin,82,Efficiency,Critical,In Progress,Survey Score,user037,47.901856780703845,G000166,"Optimize IT support workflows to reduce average ticket resolution time by 30%, thereby improving overall system efficiency.",False
admin,59,Employee Satisfaction,Medium,Cancelled,Survey Score,user048,53.01977568117024,G000167,Increase annual employee satisfaction scores by 20% through improved workplace conditions and regular feedback sessions.,False
admin,56,Efficiency,High,In Progress,Sales Increase,user009,66.27169388408281,G000168,"Optimize workflow processes to improve overall task completion times by 20%, aiming to increase operational efficiency.",True
admin,59,Cost Reduction,Medium,Completed,Survey Score,user065,100.0,G000169,"Reduce overhead expenses by optimizing utility usage and negotiating better rates with suppliers, aiming for a 20% cost reduction within the next fiscal year.",True
admin,80,Employee Satisfaction,Low,In Progress,Survey Score,user075,38.0,G000170,Develop a quarterly team-building program aimed at boosting employee satisfaction scores by at least 20% over the next fiscal year.,False
admin,72,Efficiency,Critical,Completed,Sales Increase,user010,99.38698726948,G000171,"Enhance the employee onboarding process to reduce the average setup time from 5 days to 3 days by Q3, ensuring quicker integration and resource availability.",True
admin,79,Employee Satisfaction,Critical,In Progress,Expense Ratio,user040,44.0,G000172,Develop a comprehensive employee wellness program aimed at improving overall satisfaction scores by 20% in the upcoming fiscal year.,False
admin,56,Revenue Growth,Low,In Progress,Expense Ratio,user023,55.0,G000173,Expand market presence in the Asia-Pacific region to increase overall revenue by 20% within the next fiscal year.,False
admin,69,Revenue Growth,High,Cancelled,Survey Score,user007,13.0,G000174,Increase annual sales revenue by 20% through strategic marketing campaigns and new product launches.,False
admin,51,Cost Reduction,Low,Completed,Expense Ratio,user053,93.0,G000175,"Introduce automated software to decrease manual processing by 20%, effectively reducing labor costs and operational delays.",True
admin,52,Efficiency,Low,Completed,Expense Ratio,user058,100.0,G000176,"Increase the efficiency of the IT helpdesk by automating routine inquiries, aiming to reduce response time by 30% over the next quarter.",True
admin,75,Customer Satisfaction,Low,In Progress,Survey Score,user003,44.10309003790886,G000177,"Increase customer satisfaction rating by enhancing the quality of our support services, aiming for a 20% improvement in customer feedback by the end of Q4.",False
admin,57,Cost Reduction,Low,Planned,Expense Ratio,user060,39.82947752607388,G000178,"Reduce overall IT infrastructure costs by optimizing server usage and eliminating redundant systems, aiming for a 20% reduction in Q2 expenditures compared to the previous quarter.",False
admin,72,Customer Satisfaction,Critical,In Progress,Sales Increase,user034,62.065203985302915,G000179,Enhance the customer support interface to improve overall satisfaction ratings by 20% in the upcoming quarter.,False
admin,63,Customer Satisfaction,Medium,In Progress,Survey Score,user093,45.82868301751818,G000180,Enhance support team training to improve customer satisfaction ratings by 20% over the next fiscal year.,False
admin,65,Cost Reduction,Medium,Completed,Sales Increase,user091,92.84608678201053,G000181,Reduce overhead expenses by optimizing energy usage in all operational facilities to achieve a 20% cost savings within the next fiscal year.,True
admin,71,Cost Reduction,Low,Completed,Expense Ratio,user015,100.0,G000182,Reduce overall IT operational expenses by 20% through strategic vendor negotiations and adopting more efficient technologies.,True
admin,69,Revenue Growth,Low,Completed,Employee Turnover Rate,user022,83.0,G000183,Develop and launch a new software product that aims to generate an additional $500K in revenue by the end of Q4.,True
admin,91,Customer Satisfaction,Critical,In Progress,Expense Ratio,user066,76.3222914348888,G000184,Develop a comprehensive training program for customer service representatives to improve satisfaction scores by 20% over the next fiscal year.,False
admin,58,Employee Satisfaction,Medium,Completed,Sales Increase,user044,71.0,G000185,Develop a comprehensive employee engagement program aimed to increase overall employee satisfaction scores by 20% through enhanced communication tools and team-building activities.,True
admin,54,Efficiency,Medium,In Progress,Employee Turnover Rate,user026,36.29039014335102,G000186,"Enhance the helpdesk ticket resolution process to improve response time by 20%, aiming to reduce average handling time from 30 minutes to 24 minutes.",False
admin,71,Efficiency,Medium,Planned,Sales Increase,user014,83.20593180941442,G000187,Automate employee onboarding processes to reduce manual entry time by 30% and improve workflow efficiency.,True
admin,56,Cost Reduction,Critical,Planned,Expense Ratio,user068,23.0,G000188,Optimize IT infrastructure to lower operational expenses by 20% over the next fiscal year through better vendor management and technology upgrades.,False
admin,98,Revenue Growth,Medium,In Progress,Employee Turnover Rate,user070,43.0,G000189,Increase annual sales revenue by 20% through strategic partnerships and expanded online marketing efforts.,False
admin,73,Employee Satisfaction,Critical,In Progress,Expense Ratio,user033,57.0,G000190,Develop and launch an employee feedback portal to increase engagement scores by 20% over the next fiscal year.,False
admin,74,Cost Reduction,Medium,In Progress,Employee Turnover Rate,user081,35.0,G000191,Enhance vendor contract negotiations to achieve a 20% reduction in operational expenses by the end of Q4.,False
admin,63,Employee Satisfaction,High,Cancelled,Expense Ratio,user083,46.78787589585522,G000192,"Develop a comprehensive training program to improve employee skills and job satisfaction, aiming for a 20% increase in employee happiness scores on the next annual survey.",False
admin,72,Efficiency,Low,In Progress,Employee Turnover Rate,user088,34.78272630134324,G000193,Enhance automation of report generation to improve productivity and reduce manual hours by 20%.,False
admin,88,Efficiency,High,In Progress,Employee Turnover Rate,user024,56.60330442612256,G000194,Optimize the IT support ticketing system to reduce average resolution time by 30% within the next quarter.,False
admin,51,Cost Reduction,Medium,In Progress,Expense Ratio,user002,56.326272260803044,G000195,Reduce overall IT infrastructure expenses by 20% by optimizing cloud service usage and renegotiating vendor contracts.,True
admin,53,Employee Satisfaction,High,Cancelled,Expense Ratio,user053,19.563068086448133,G000196,"Increase employee satisfaction scores by implementing flexible work-from-home policies aimed at improving work-life balance, targeting a 20% improvement in annual survey results.",False
admin,77,Cost Reduction,Low,Completed,Expense Ratio,user029,78.0,G000197,Achieve a 20% reduction in IT operational expenses by optimizing cloud infrastructure usage and renegotiating vendor contracts.,True
admin,66,Employee Satisfaction,Low,Completed,Survey Score,user098,83.0,G000198,Increase employee satisfaction scores by 10% through enhanced workplace flexibility and wellness programs.,True
admin,54,Employee Satisfaction,Medium,In Progress,Survey Score,user051,12.0,G000199,Develop and initiate a monthly feedback and recognition program to enhance employee engagement and satisfaction levels.,False
admin,54,Employee Satisfaction,Low,In Progress,Survey Score,user019,38.53050331448577,G000200,Develop a quarterly feedback system to measure and improve overall employee satisfaction by 20% within the next fiscal year.,False
admin,72,Cost Reduction,High,Completed,Sales Increase,user067,97.91441751053975,G000201,"Reduce overall IT infrastructure costs by optimizing cloud storage usage, aiming for a 20% decrease in expenses over the next fiscal year.",True
admin,51,Revenue Growth,Critical,Planned,Survey Score,user091,7.0,G000202,Increase annual software subscription revenue by 20% through expanded marketing efforts and new customer acquisition strategies.,False
admin,99,Cost Reduction,Critical,In Progress,Employee Turnover Rate,user026,38.39951151968822,G000203,"Reduce overhead expenses by optimizing energy usage across all operations, aiming for a 20% cost reduction within the next fiscal year.",False
admin,82,Employee Satisfaction,Critical,In Progress,Sales Increase,user014,65.81464019711453,G000204,Initiate comprehensive training programs to enhance job skills and satisfaction levels among employees leading to a 20% improvement in annual employee satisfaction survey results.,False
admin,79,Cost Reduction,Critical,In Progress,Sales Increase,user091,83.31452209437164,G000205,"Reduce operational expenses by optimizing energy usage across all facilities, targeting a 20% decrease in monthly utility bills by the end of the fiscal year.",True
admin,57,Customer Satisfaction,Critical,Completed,Survey Score,user066,93.48506728966659,G000206,Enhance customer support channels to improve overall satisfaction ratings by 20% in the upcoming quarter.,True
admin,66,Revenue Growth,High,In Progress,Expense Ratio,user058,54.0,G000207,Develop new partnerships and expand into the Asian market to increase overall revenue by 20% by the end of Q4.,False
admin,58,Revenue Growth,Medium,In Progress,Expense Ratio,user012,55.0,G000208,Launch a new online marketing campaign to increase software product sales by 20% over the next quarter.,False
admin,88,Employee Satisfaction,Medium,In Progress,Expense Ratio,user077,31.0,G000209,Develop and roll out a comprehensive employee wellness program aimed at improving overall satisfaction scores by 20% in the upcoming employee survey.,False
admin,87,Employee Satisfaction,High,In Progress,Expense Ratio,user035,25.28518944455396,G000210,Develop and initiate monthly team-building activities to enhance employee satisfaction and reduce annual turnover by 20%.,False
admin,56,Efficiency,Medium,In Progress,Sales Increase,user035,66.32940513211094,G000211,"Enhance the IT support ticket system to reduce response time from 24 hours to 12 hours, thereby improving overall workplace efficiency.",True
admin,75,Revenue Growth,High,In Progress,Sales Increase,user089,53.0,G000212,Increase annual revenue by launching a new online marketing campaign aimed at expanding customer base by 25%.,False
admin,66,Revenue Growth,Low,Completed,Survey Score,user044,90.0,G000213,Increase annual subscription renewals by 20% through enhanced customer support and engagement strategies.,True
admin,77,Employee Satisfaction,Low,In Progress,Sales Increase,user029,89.39530807630584,G000214,"Initiate a quarterly feedback survey and action plan to enhance employee satisfaction and work environment, aiming for a 20% improvement in employee satisfaction scores by the end of the year.",True
admin,81,Cost Reduction,High,In Progress,Sales Increase,user061,13.0,G000215,Enhance supplier negotiation strategies to achieve a 20% reduction in operational expenses within the next fiscal year.,False
admin,92,Cost Reduction,Low,In Progress,Expense Ratio,user020,33.519167929270594,G000216,"Reduce annual software licensing fees by consolidating redundant applications, aiming for at least a 20% reduction in IT spending.",False
admin,93,Cost Reduction,Medium,In Progress,Expense Ratio,user015,33.0,G000217,Achieve a 20% reduction in operational expenses by optimizing IT infrastructure and reducing unnecessary software licenses.,False
admin,54,Customer Satisfaction,High,In Progress,Employee Turnover Rate,user008,3.0,G000218,Develop a customer feedback system to increase customer satisfaction scores by 20% over the next fiscal year through enhanced service response times and expanded support channels.,False
admin,55,Customer Satisfaction,Medium,Completed,Employee Turnover Rate,user097,100.0,G000219,Improve customer support response times by 30% through the deployment of an enhanced ticketing system and training of support staff.,True
admin,50,Cost Reduction,High,Completed,Employee Turnover Rate,user094,92.0,G000220,Optimize supply chain logistics to achieve a 20% reduction in operational expenses within fiscal year 2023.,True
admin,65,Customer Satisfaction,Critical,In Progress,Sales Increase,user016,50.69156148535398,G000221,Enhance the online support portal to improve customer satisfaction scores by at least 20% over the next quarter.,False
admin,58,Customer Satisfaction,Low,Completed,Employee Turnover Rate,user083,86.0,G000222,Develop and implement a new customer feedback system to increase satisfaction scores by 20% over the next fiscal year.,True
admin,95,Cost Reduction,Critical,Cancelled,Survey Score,user099,68.85505870900616,G000223,"Reduce operational expenses by optimizing energy usage across all facilities, aiming to cut electricity costs by 20% within the next fiscal year.",False
admin,61,Cost Reduction,Medium,In Progress,Survey Score,user027,38.0,G000224,"Enhance supply chain logistics to achieve a 20% reduction in operational costs over the next fiscal year, targeting areas such as inventory management and supplier negotiations.",False
admin,63,Cost Reduction,Critical,In Progress,Sales Increase,user025,39.429161110384854,G000225,"Reduce software licensing expenses by consolidating tools across all departments, aiming for a 20% cost savings within the next fiscal year.",False
admin,87,Revenue Growth,High,Cancelled,Expense Ratio,user097,42.0,G000226,Expand our market share in the Asia-Pacific region by 25% through strategic partnerships and localized marketing campaigns.,False
admin,58,Employee Satisfaction,Low,In Progress,Expense Ratio,user024,48.676545334532186,G000227,"Increase employee satisfaction scores by implementing a new flexible working hours policy, aiming for a 10% improvement in annual survey results.",False
admin,63,Employee Satisfaction,Low,Completed,Employee Turnover Rate,user024,100.0,G000228,Initiate a quarterly employee engagement survey to assess work environment satisfaction and implement necessary improvements to achieve a 20% increase in overall employee happiness scores.,True
admin,69,Revenue Growth,Low,In Progress,Expense Ratio,user035,6.0,G000229,Develop and launch a new product line by Q3 to increase annual revenue by 20%.,False
admin,71,Customer Satisfaction,Low,In Progress,Sales Increase,user053,17.283218645727622,G000230,"Enhance the online support portal to improve resolution time by 20%, thereby increasing customer satisfaction ratings from 75% to 90%.",False
admin,85,Efficiency,Medium,In Progress,Employee Turnover Rate,user009,64.0,G000231,"Optimize the use of digital tools to increase workflow efficiency by 20%, reducing task completion time from 5 days to 4 days.",False
admin,67,Revenue Growth,Low,In Progress,Sales Increase,user075,61.0,G000232,"Expand into the Asian market to increase overall revenue streams by 20% by the end of Q4, leveraging new strategic partnerships and marketing campaigns.",False
admin,51,Cost Reduction,Medium,Cancelled,Sales Increase,user073,18.0,G000233,Achieve a 20% reduction in operational expenses by automating routine administrative tasks and renegotiating supplier contracts.,False
admin,64,Cost Reduction,Low,In Progress,Survey Score,user015,71.71741420378228,G000234,Reduce overall IT operational costs by consolidating vendor contracts and renegotiating existing agreements to achieve a 20% cost saving within the next fiscal year.,True
admin,64,Efficiency,Critical,In Progress,Employee Turnover Rate,user032,43.0,G000235,"Optimize the IT helpdesk responses to decrease ticket resolution time by 20%, improving overall operational efficiency.",False
admin,79,Customer Satisfaction,Medium,In Progress,Survey Score,user017,46.65767093533165,G000236,"Enhance the online customer support portal to improve user experience, aiming to increase customer satisfaction ratings by 20% over the next quarter.",False
admin,58,Customer Satisfaction,Medium,Completed,Survey Score,user028,88.69244258706007,G000237,Develop a new customer feedback system to improve satisfaction scores by 20% over the next 12 months.,True
admin,51,Efficiency,Critical,Cancelled,Sales Increase,user080,45.11467058718196,G000238,"Enhance the automation of data entry tasks to improve processing time by 30%, thereby increasing overall operational efficiency.",False
admin,71,Customer Satisfaction,Critical,In Progress,Expense Ratio,user089,40.0,G000239,"Develop a customer feedback system to increase satisfaction ratings by 20% over the next 12 months, enhancing our service response times and overall client support experience.",False
admin,73,Cost Reduction,High,Cancelled,Employee Turnover Rate,user053,17.117106580437248,G000240,Reduce overhead expenses by 20% through strategic vendor negotiations and improved expense management systems by Q4 2024.,False
admin,64,Revenue Growth,Low,In Progress,Employee Turnover Rate,user090,2.0,G000241,Increase annual software subscriptions by 20% through enhanced marketing strategies and customer engagement initiatives.,False
admin,59,Revenue Growth,Critical,In Progress,Sales Increase,user018,15.0,G000242,Develop and launch a new software product line aimed at increasing the company's revenue by 20% within the next financial year.,False
admin,94,Customer Satisfaction,Low,In Progress,Employee Turnover Rate,user060,100.0,G000243,Enhance the customer support interface to improve response times and increase overall customer satisfaction ratings by 20% within the next fiscal year.,True
admin,80,Customer Satisfaction,High,In Progress,Survey Score,user075,25.606017994981805,G000244,Enhance support services to achieve a 90% customer satisfaction rating by Q4 through improved response times and personalized customer interactions.,False
admin,99,Revenue Growth,Low,In Progress,Expense Ratio,user007,83.0,G000245,"Increase annual revenues by developing and launching two new products in the next fiscal year, aiming for a combined sales increase of 25%.",False
admin,72,Customer Satisfaction,Low,Cancelled,Expense Ratio,user034,62.0,G000246,Develop a new customer feedback tool to increase satisfaction ratings by at least 20% within the next quarter.,False
admin,60,Revenue Growth,Critical,In Progress,Survey Score,user030,45.0,G000247,"Expand sales to the European market, aiming for a 20% increase in revenue over the next fiscal year through strategic marketing and local partnerships.",False
admin,64,Cost Reduction,High,Completed,Expense Ratio,user096,91.41027506672725,G000248,"Reduce operational expenses by optimizing energy usage across all company sites, aiming for a 20% cost reduction within the next fiscal year.",True
admin,73,Employee Satisfaction,Medium,In Progress,Sales Increase,user005,86.36224300274858,G000249,Initiate quarterly team-building events to enhance employee satisfaction and reduce turnover by 20%.,True
admin,94,Efficiency,Medium,In Progress,Sales Increase,user018,88.14652551098912,G000250,"Optimize the IT support ticket system to reduce average resolution time by 20%, enhancing overall operational efficiency.",False
admin,56,Employee Satisfaction,Low,In Progress,Expense Ratio,user089,64.57747966467554,G000251,Enhance the annual employee satisfaction score by launching a new wellness program and improved work-life balance initiatives aiming to boost employee morale by 20% over the next fiscal year.,True
admin,98,Revenue Growth,Medium,In Progress,Employee Turnover Rate,user063,94.0,G000252,Increase annual subscription sales by 20% through enhanced digital marketing campaigns and customer engagement strategies.,False
admin,60,Employee Satisfaction,High,In Progress,Employee Turnover Rate,user033,56.036487833690444,G000253,"Launch a quarterly feedback survey to evaluate employee satisfaction, aiming to improve overall satisfaction scores by 20% over the next year.",False
admin,64,Customer Satisfaction,Medium,Completed,Employee Turnover Rate,user071,83.10028109885198,G000254,Increase customer satisfaction ratings by 20% through improved helpdesk response times and personalized service follow-ups.,True
admin,56,Revenue Growth,Low,Completed,Employee Turnover Rate,user039,71.0,G000255,Increase annual software sales revenue by 20% through expanded digital marketing and partnerships.,True
admin,58,Cost Reduction,Medium,Cancelled,Employee Turnover Rate,user001,24.004792324755087,G000256,Reduce overall IT spending by consolidating vendor contracts and renegotiating terms to achieve a 20% cost savings within the next fiscal year.,False
admin,88,Revenue Growth,Medium,In Progress,Employee Turnover Rate,user081,73.0,G000257,Develop and launch two new product lines by Q3 to increase annual revenue by 20% over the previous year.,False
admin,99,Employee Satisfaction,Low,In Progress,Survey Score,user080,26.117396011781523,G000258,Enhance the employee onboarding process to improve overall satisfaction scores by 20% within the next fiscal year.,False
admin,69,Revenue Growth,Low,In Progress,Employee Turnover Rate,user035,38.0,G000259,Expand market outreach programs to increase overall revenue by 20% in the upcoming fiscal quarter through enhanced digital marketing campaigns and strategic partnerships.,False
admin,70,Revenue Growth,Critical,Completed,Survey Score,user001,71.0,G000260,"Develop and launch a new product line aimed at increasing annual revenue by 20%, targeting a specific market segment known for rapid growth and high demand.",True
admin,63,Cost Reduction,Medium,In Progress,Survey Score,user028,23.161083763206122,G000261,Reduce overall IT infrastructure costs by 20% through consolidation of unused server resources and negotiating better terms with software vendors.,False
admin,70,Employee Satisfaction,Low,Cancelled,Employee Turnover Rate,user070,81.80418514365974,G000262,Launch a quarterly employee feedback survey to improve workplace satisfaction and engagement by 20% over the next fiscal year.,True
admin,92,Customer Satisfaction,High,In Progress,Survey Score,user054,63.33186557457288,G000263,Develop and deploy an updated customer feedback system to achieve a 20% improvement in customer satisfaction scores by the end of Q4.,False
admin,97,Cost Reduction,Low,Completed,Expense Ratio,user014,100.0,G000264,Reduce overall IT support costs by 20% through optimizing the ticket handling process and improving first call resolution rates.,True
admin,57,Cost Reduction,Critical,In Progress,Expense Ratio,user039,55.0,G000265,"Optimize IT infrastructure by consolidating unused servers, leading to a 20% cut in annual maintenance costs from $500K to $400K.",False
admin,53,Cost Reduction,High,Cancelled,Survey Score,user067,45.26109401985478,G000266,"Reduce overall IT expenses by optimizing software licensing agreements, aiming for at least a 20% cost reduction by end of the fiscal year.",False
admin,66,Customer Satisfaction,Critical,Planned,Employee Turnover Rate,user085,27.520031038481207,G000267,Develop a new customer feedback system to improve satisfaction ratings by 20% over the next fiscal quarter.,False
admin,75,Cost Reduction,Low,In Progress,Expense Ratio,user015,53.61017944361245,G000268,"Reduce overall IT expenditure by consolidating vendor contracts and negotiating better terms, aiming for a 20% cost savings within the next fiscal year.",False
admin,76,Cost Reduction,Low,In Progress,Employee Turnover Rate,user007,48.88209068143503,G000269,"Reduce operational expenses by optimizing energy usage across all corporate sites, aiming to cut electricity costs by 20% within the next fiscal year.",False
admin,78,Cost Reduction,Critical,In Progress,Expense Ratio,user095,30.374345353449847,G000270,"Reduce overall IT spending by optimizing our cloud infrastructure usage, aiming for a 20% cost saving within the next fiscal year.",False
admin,52,Employee Satisfaction,Medium,In Progress,Survey Score,user096,30.86861679661739,G000271,Enhance employee engagement programs to improve overall job satisfaction ratings by 20% in the upcoming fiscal year.,False
admin,96,Cost Reduction,Medium,In Progress,Employee Turnover Rate,user007,77.0,G000272,Achieve a 20% reduction in overall IT spending by consolidating software licenses and negotiating volume discounts with major vendors.,False
admin,62,Revenue Growth,Low,Cancelled,Sales Increase,user078,33.0,G000273,"Develop a new product line to increase annual revenues by 20%, aiming to capture a wider market share in the technology sector.",False
admin,86,Cost Reduction,High,In Progress,Employee Turnover Rate,user097,96.28135651196382,G000274,Reduce software license expenses by consolidating vendor contracts and eliminating underutilized licenses to achieve a cost saving of 20% over the next fiscal year.,True
admin,81,Cost Reduction,Medium,Completed,Expense Ratio,user014,100.0,G000275,Optimize vendor contracts and automate invoice processing to achieve a 20% reduction in overhead expenses within the next fiscal year.,True
admin,86,Customer Satisfaction,High,In Progress,Sales Increase,user056,60.0,G000276,Develop a new customer feedback tool aimed at increasing overall satisfaction ratings by 20% by the end of Q4.,False
admin,76,Customer Satisfaction,Medium,Completed,Expense Ratio,user094,100.0,G000277,Develop a customer feedback system to increase satisfaction scores by 20% over the next six months through improved service and support.,True
admin,86,Efficiency,High,In Progress,Survey Score,user038,51.0,G000278,Optimize the workflow processes to enhance overall operational efficiency by reducing task completion time by 20%.,False
admin,67,Employee Satisfaction,High,Completed,Employee Turnover Rate,user014,100.0,G000279,"Increase employee satisfaction by promoting a flexible work environment, aiming to enhance work-life balance and achieve a 5% improvement in employee satisfaction survey results.",True
admin,52,Cost Reduction,High,In Progress,Sales Increase,user061,20.0,G000280,Achieve a 20% reduction in operational expenses by optimizing energy usage and renegotiating vendor contracts.,False
admin,61,Customer Satisfaction,Medium,Completed,Employee Turnover Rate,user030,92.08088527690812,G000281,"Develop and implement a comprehensive training program for customer service representatives to improve client interaction quality, aiming to increase customer satisfaction ratings by 20% within the next fiscal year.",True
admin,51,Cost Reduction,Low,Completed,Expense Ratio,user062,77.39896291496859,G000282,"Reduce overall IT infrastructure costs by consolidating server resources, achieving a 20% cost savings within the next financial year.",True
admin,92,Revenue Growth,High,In Progress,Employee Turnover Rate,user009,64.0,G000283,Develop a new customer referral program aimed at increasing sales revenue by 20% in the next fiscal year.,False
admin,96,Efficiency,Medium,Cancelled,Sales Increase,user075,30.0,G000284,Increase the speed of IT ticket resolution by 25% through the adoption of automated response systems and AI-driven assistance for common inquiries.,False
admin,91,Revenue Growth,Medium,In Progress,Survey Score,user000,8.0,G000285,Develop new partnerships and expand into untapped markets to increase annual revenue by 20%.,False
admin,93,Employee Satisfaction,Medium,In Progress,Employee Turnover Rate,user018,59.0,G000286,Initiate monthly team-building activities to enhance employee engagement and increase overall satisfaction scores by 20% within the next fiscal year.,False
admin,65,Cost Reduction,Critical,Cancelled,Expense Ratio,user048,74.30342440537703,G000287,"Reduce overall operational expenses by optimizing energy usage across all facilities, aiming for a 20% cost reduction within the next fiscal year.",True
admin,85,Cost Reduction,High,In Progress,Survey Score,user098,72.70920071976863,G000288,"Reduce overall IT infrastructure costs by optimizing cloud storage usage and renegotiating vendor contracts, aiming for a 20% cost saving within the next fiscal year.",False
admin,71,Customer Satisfaction,Medium,In Progress,Sales Increase,user010,19.063773879630766,G000289,"Enhance the customer support portal to improve user experience, aiming to increase customer satisfaction ratings by 20% over the next quarter.",False
admin,76,Efficiency,Medium,In Progress,Expense Ratio,user090,57.0,G000290,"Optimize workflow automation to increase overall operational efficiency by 20%, reducing process turnaround time from 5 days to 4 days.",False
admin,71,Employee Satisfaction,Medium,In Progress,Sales Increase,user038,23.0,G000291,Develop a series of employee engagement programs aimed at increasing overall job satisfaction ratings by 20% over the next fiscal year.,False
admin,90,Cost Reduction,Low,Cancelled,Expense Ratio,user037,98.94713084273977,G000292,"Reduce operational expenses by optimizing energy usage in major facilities, targeting a 20% reduction in the next fiscal year.",True
admin,95,Revenue Growth,Low,In Progress,Expense Ratio,user004,57.0,G000293,Expand sales to the European market to increase overall revenue by 20% within the next fiscal year.,False
admin,72,Efficiency,Low,In Progress,Survey Score,user056,72.92647143627211,G000294,"Optimize the IT support ticketing system to reduce resolution time by 20%, improving service efficiency and customer satisfaction.",True
admin,66,Cost Reduction,Low,In Progress,Survey Score,user068,71.02353195766014,G000295,"Reduce operational expenses by optimizing the use of IT resources, aiming for a 20% cut in annual IT spending.",True
admin,66,Customer Satisfaction,Low,In Progress,Employee Turnover Rate,user029,49.14730976698952,G000296,Increase the customer satisfaction score by 20% by the end of the fiscal year through improved customer service training and faster response times.,False
admin,62,Revenue Growth,Medium,Cancelled,Survey Score,user001,27.0,G000297,Increase annual revenue by 20% through strategic partnerships and expanding into new markets overseas.,False
admin,50,Customer Satisfaction,Low,In Progress,Survey Score,user083,32.05754040793382,G000298,Enhance the customer support portal to improve satisfaction scores by 20% over the next 12 months,False
admin,81,Cost Reduction,High,Completed,Expense Ratio,user031,97.0,G000299,Achieve a 20% reduction in operational expenses by optimizing the IT infrastructure and renegotiating vendor contracts.,True
admin,100,Cost Reduction,Critical,In Progress,Survey Score,user012,77.96867654325561,G000300,Reduce operational expenses by consolidating software license vendors leading to a 20% budget decrease.,False
admin,82,Cost Reduction,High,Cancelled,Sales Increase,user033,14.0,G000301,Achieve a 20% reduction in overhead expenses by optimizing energy usage and renegotiating vendor contracts over the next fiscal year.,False
admin,77,Revenue Growth,Critical,In Progress,Sales Increase,user037,23.0,G000302,"Expand sales channels to increase annual revenue by 20%, focusing on e-commerce and international markets.",False
admin,84,Revenue Growth,Medium,In Progress,Sales Increase,user078,65.0,G000303,Increase annual sales targets by 20% through strategic market expansion and enhanced customer engagement initiatives.,False
admin,75,Cost Reduction,Low,Completed,Sales Increase,user097,100.0,G000304,"Reduce operational expenses in IT support by consolidating vendor contracts, aiming for a 20% cost saving within the next fiscal year.",True
admin,70,Customer Satisfaction,High,In Progress,Survey Score,user048,20.90454261347,G000305,Develop and deploy a new customer feedback system to improve customer satisfaction ratings by 20% over the next 12 months.,False
admin,66,Efficiency,Medium,In Progress,Expense Ratio,user072,32.104493343727114,G000306,"Optimize IT support workflows to reduce the average resolution time by 30%, enhancing overall department efficiency.",False
admin,53,Revenue Growth,Critical,In Progress,Expense Ratio,user049,13.0,G000307,Develop new partnerships and channels to increase overall revenue by 20% within the next fiscal year.,False
admin,77,Cost Reduction,Medium,Completed,Expense Ratio,user066,95.0,G000308,Optimize office supply expenditures and negotiate bulk purchase agreements to decrease overhead costs by 20% by the end of the fiscal year.,True
admin,62,Efficiency,High,In Progress,Sales Increase,user024,41.0,G000309,Enhance software development workflows to decrease project delivery times by 20%.,False
admin,81,Customer Satisfaction,Low,In Progress,Expense Ratio,user043,52.25241947209757,G000310,Develop a new customer feedback system to improve response rates by 30% and enhance overall satisfaction scores by year-end.,False
admin,84,Cost Reduction,Critical,In Progress,Expense Ratio,user025,30.0,G000311,Optimize IT infrastructure management to decrease overall expenses by 20% within the next fiscal year.,False
admin,82,Revenue Growth,High,In Progress,Sales Increase,user083,67.0,G000312,Develop a new customer loyalty program aimed at increasing repeat sales by 20% over the next fiscal year.,False
admin,77,Cost Reduction,Low,Completed,Sales Increase,user091,88.0,G000313,Enhance inventory management to cut warehousing expenses by 20% over the next fiscal year.,True
admin,84,Employee Satisfaction,High,Completed,Survey Score,user019,100.0,G000314,Enhance workspace facilities and introduce flexible working hours to improve overall employee satisfaction ratings by 20% in the upcoming fiscal year.,True
admin,57,Employee Satisfaction,High,Completed,Survey Score,user082,85.0,G000315,Develop a comprehensive wellness program aimed at improving work-life balance and increasing overall employee satisfaction ratings by 20% within the next fiscal year.,True
admin,63,Employee Satisfaction,High,Completed,Survey Score,user008,100.0,G000316,Launch a quarterly feedback survey to track and improve overall employee satisfaction by 20% over the next fiscal year.,True
admin,50,Customer Satisfaction,High,Completed,Expense Ratio,user065,100.0,G000317,Develop a new customer feedback system to increase satisfaction scores by 20% through enhanced real-time service monitoring and reporting.,True
admin,75,Cost Reduction,Low,Completed,Expense Ratio,user043,99.90025118680141,G000318,"Reduce software licensing expenses by negotiating bulk purchase agreements, aiming for a 20% cost reduction over the next fiscal year.",True
admin,97,Employee Satisfaction,Critical,In Progress,Expense Ratio,user045,76.0,G000319,Develop a comprehensive employee recognition program aimed at increasing staff motivation and overall job satisfaction by 20% as measured by yearly employee surveys.,False
admin,81,Employee Satisfaction,Medium,In Progress,Expense Ratio,user081,20.0,G000320,"Enhance the employee workplace environment by introducing flexible work hours and remote work options, aiming to boost overall job satisfaction by 20% in the upcoming fiscal year.",False
admin,82,Customer Satisfaction,Medium,Completed,Survey Score,user017,100.0,G000321,Develop a comprehensive training program for customer support staff to improve service quality ratings by 30% within the next quarter.,True
admin,65,Efficiency,Low,In Progress,Survey Score,user018,62.8747239479153,G000322,Automate routine IT support tasks to increase response time by 30% and reduce manual intervention by 50%.,False
admin,51,Efficiency,Low,Completed,Sales Increase,user053,92.4662210549954,G000323,"Optimize IT support workflow to reduce ticket resolution time by 30%, aiming to improve overall operational efficiency.",True
admin,56,Efficiency,Critical,In Progress,Survey Score,user050,22.0,G000324,Optimize response times in customer service by 20% through advanced training and updating our CRM software.,False
admin,86,Employee Satisfaction,High,Planned,Expense Ratio,user091,71.0,G000325,Initiate a quarterly feedback survey and increase employee training sessions to enhance overall job satisfaction by 20% by the end of the year.,False
admin,51,Customer Satisfaction,Medium,In Progress,Survey Score,user090,26.523976165966705,G000326,Enhance the customer support portal to improve user satisfaction ratings by at least 20% by the end of the fiscal year.,False
admin,66,Customer Satisfaction,Low,Completed,Employee Turnover Rate,user052,89.9961797665411,G000327,Enhance the customer support portal to improve satisfaction scores by 20% through faster response times and more accurate issue resolution.,True
admin,70,Cost Reduction,Low,In Progress,Sales Increase,user052,59.832754018010604,G000328,Reduce IT operational costs by 20% by optimizing server usage and adopting more cost-effective cloud storage solutions.,False
admin,100,Cost Reduction,Low,In Progress,Survey Score,user034,87.37743306706672,G000329,"Reduce operating expenses by optimizing energy usage across all corporate facilities, aiming for a 20% cost saving within the next fiscal year.",False
admin,85,Employee Satisfaction,High,In Progress,Expense Ratio,user001,84.0,G000330,Develop and launch a quarterly employee feedback survey to identify and address key areas for improving worker satisfaction and engagement.,False
admin,80,Cost Reduction,Low,In Progress,Employee Turnover Rate,user059,87.99213088090833,G000331,Reduce operational costs by optimizing server usage leading to a 20% decrease in IT expenses by the end of Q4.,True
admin,78,Revenue Growth,Critical,In Progress,Expense Ratio,user086,42.0,G000332,Develop and launch a new software product line to increase overall revenue by 20% within the next fiscal year.,False
admin,70,Revenue Growth,Low,In Progress,Employee Turnover Rate,user059,48.0,G000333,Develop and launch a new software product line that is projected to increase company revenue by 20% in the upcoming fiscal year.,False
admin,71,Customer Satisfaction,Critical,In Progress,Employee Turnover Rate,user076,82.66679940445458,G000334,Enhance the customer support portal to improve user experience and increase customer satisfaction ratings by 20% within the next fiscal year.,True
admin,84,Customer Satisfaction,High,Completed,Expense Ratio,user049,86.0,G000335,Develop and implement a new customer feedback system to increase overall satisfaction ratings by 20% over the next 12 months.,True
admin,51,Customer Satisfaction,High,Completed,Survey Score,user000,64.0,G000336,Develop a new customer feedback system to increase satisfaction scores by 20% over the next 12 months.,True
admin,97,Cost Reduction,Low,Cancelled,Survey Score,user007,63.04877879471188,G000337,"Reduce operational expenses by optimizing energy usage across all company locations, aiming for a 20% decrease in the upcoming fiscal year.",False
admin,94,Cost Reduction,Low,In Progress,Sales Increase,user074,42.07266712909784,G000338,Reduce overall IT operational expenses by 20% in the next fiscal year through more efficient asset management and vendor negotiation strategies.,False
admin,75,Customer Satisfaction,Medium,Planned,Survey Score,user009,32.0,G000339,"Increase customer satisfaction ratings by enhancing support response times and quality, aiming to elevate overall satisfaction scores by 20% over the next quarter.",False
admin,74,Cost Reduction,Low,Planned,Survey Score,user072,50.0,G000340,Optimize supplier contracts and negotiate bulk purchase discounts to achieve a 20% reduction in operational expenditure for the current fiscal year.,False
admin,83,Cost Reduction,Critical,Completed,Sales Increase,user095,85.0,G000341,"Develop automated systems to decrease IT support costs by 20%, which translates to saving $80,000 annually.",True
admin,71,Cost Reduction,Medium,In Progress,Sales Increase,user053,79.73944601696635,G000342,"Reduce IT infrastructure costs by implementing cloud-based solutions, aiming for a 20% reduction in operational expenses over the next fiscal year.",True
admin,58,Cost Reduction,Critical,Planned,Survey Score,user048,36.30628934523436,G000343,"Reduce overall operational expenses by optimizing supply chain logistics, aiming for a minimum 20% cost savings by the end of Q4.",False
admin,59,Cost Reduction,Medium,Completed,Sales Increase,user068,89.0,G000344,Achieve a 20% reduction in operating expenses by optimizing our energy usage and renegotiating vendor contracts.,True
admin,68,Cost Reduction,High,Planned,Survey Score,user021,14.0,G000345,Achieve a 20% reduction in operational expenses by optimizing energy usage and vendor contracts over the next 12 months.,False
admin,81,Customer Satisfaction,Low,In Progress,Sales Increase,user027,15.0,G000346,Increase customer satisfaction ratings by 20% through improving response times and personalized support in the next fiscal quarter.,False
admin,96,Cost Reduction,Medium,In Progress,Sales Increase,user089,67.6640110103564,G000347,"Reduce overall IT infrastructure cost by optimizing cloud usage and negotiating better terms with service providers, aiming for a 20% cost reduction within the next fiscal year.",False
admin,100,Cost Reduction,Medium,Planned,Employee Turnover Rate,user062,60.20557692427856,G000348,"Reduce software licensing expenses by consolidating unused licenses and renegotiating contracts, aiming for a 20% decrease in IT costs over the next fiscal year.",False
admin,95,Customer Satisfaction,High,In Progress,Expense Ratio,user084,94.03212440967476,G000349,Develop a comprehensive training program for customer service representatives to improve customer satisfaction ratings by 20% within the next fiscal year.,False
admin,59,Cost Reduction,Medium,Completed,Employee Turnover Rate,user072,89.0,G000350,Achieve a 20% cost reduction in IT expenditures by optimizing software license management and renegotiating vendor contracts.,True
admin,64,Efficiency,Critical,In Progress,Employee Turnover Rate,user065,39.11397269096317,G000351,"Optimize IT support workflows to achieve a 20% improvement in response times, aiming to reduce the average ticket resolution time from 4 hours to 3.2 hours.",False
admin,79,Cost Reduction,High,Completed,Sales Increase,user024,100.0,G000352,Reduce overall IT expenditures by consolidating vendor contracts and optimizing license management to achieve a 20% cost reduction within the next fiscal year.,True
admin,90,Cost Reduction,High,Completed,Expense Ratio,user014,100.0,G000353,Achieve a 20% reduction in office overhead costs by adopting more energy-efficient technologies and renegotiating supplier contracts.,True
admin,51,Revenue Growth,High,In Progress,Expense Ratio,user014,25.0,G000354,Expand market presence in the Asia-Pacific region to increase annual revenue by 20% over the next fiscal year.,False
admin,73,Cost Reduction,Low,Completed,Employee Turnover Rate,user076,100.0,G000355,"Reduce annual operating expenses by optimizing energy use across all facilities, targeting a 20% reduction by the end of Q4.",True
admin,76,Efficiency,Critical,Completed,Expense Ratio,user086,100.0,G000356,"Optimize IT helpdesk response times by automating routine inquiries, aiming for a 30% improvement in ticket resolution efficiency.",True
admin,83,Employee Satisfaction,High,In Progress,Employee Turnover Rate,user011,76.09115271845498,G000357,Launch a quarterly employee feedback survey to improve engagement scores by 20% and address key areas of concerns by the end of the year.,False
admin,71,Customer Satisfaction,Low,Completed,Sales Increase,user042,100.0,G000358,Enhance the customer support interface to improve user satisfaction ratings by at least 20% over the next quarter.,True
admin,66,Efficiency,High,Completed,Employee Turnover Rate,user039,98.1717910002828,G000359,"Increase operational efficiency by automating workflow processes, aiming to reduce manual intervention by 40%.",True
admin,77,Efficiency,High,In Progress,Expense Ratio,user000,55.566365049169704,G000360,"Optimize IT support workflows to reduce average ticket resolution time by 30%, enhancing overall operational efficiency.",False
admin,83,Customer Satisfaction,Low,In Progress,Sales Increase,user045,19.0,G000361,"Increase customer satisfaction ratings by improving response times and support quality, aiming for a 20% enhancement in customer feedback scores over the next quarter.",False
admin,100,Cost Reduction,High,In Progress,Employee Turnover Rate,user029,19.643618677759907,G000362,Reduce overall IT expenditure by 10% by optimizing software licensing agreements and reducing redundancy in software purchases.,False
admin,100,Cost Reduction,High,In Progress,Sales Increase,user077,47.06645622448193,G000363,"Reduce operational expenses by consolidating vendor contracts, aiming for a 20% cost saving in Q3 compared to the same period last year.",False
admin,56,Cost Reduction,Low,In Progress,Sales Increase,user022,40.0,G000364,Achieve a 20% reduction in IT operational expenses by optimizing server usage and renegotiating vendor contracts.,False
admin,82,Customer Satisfaction,High,Completed,Sales Increase,user092,89.0,G000365,Enhance the online support portal to increase customer satisfaction scores by 20% by the end of Q4.,True
admin,55,Customer Satisfaction,Low,Completed,Expense Ratio,user024,100.0,G000366,"Develop a comprehensive training program for support staff to improve response times and enhance customer interaction quality, aiming to increase customer satisfaction ratings by 20% over the next quarter.",True
admin,62,Customer Satisfaction,High,In Progress,Expense Ratio,user007,51.33064387495314,G000367,"Develop a comprehensive training program for customer service representatives to enhance interaction quality, aiming to improve customer satisfaction ratings by at least 20% by the end of the fiscal year.",False
admin,64,Cost Reduction,High,Completed,Sales Increase,user003,100.0,G000368,"Reduce software license costs by consolidating vendor contracts and eliminating underutilized software subscriptions, aiming for a 20% cost saving in the IT budget.",True
admin,96,Revenue Growth,Medium,In Progress,Expense Ratio,user074,57.0,G000369,Develop new marketing strategies aimed at increasing product sales by 20% in the next quarter through enhanced social media engagement and targeting new geographical markets.,False
admin,78,Customer Satisfaction,Critical,In Progress,Sales Increase,user058,50.77042328113118,G000370,Develop a new customer feedback system to improve satisfaction ratings by at least 20% over the next fiscal year.,False
admin,75,Cost Reduction,High,In Progress,Employee Turnover Rate,user047,59.721912628532706,G000371,"Reduce operational expenses by optimizing energy usage across all facilities, aiming for a 20% cost savings within the next fiscal year.",False
admin,83,Customer Satisfaction,Low,In Progress,Survey Score,user005,19.139538080270054,G000372,Enhance the online customer support interface to improve satisfaction ratings by at least 20% in the upcoming quarter.,False
admin,73,Cost Reduction,Critical,Completed,Survey Score,user091,100.0,G000373,"Reduce operational expenses by optimizing energy usage across all offices, aiming for a 20% cost savings within the next fiscal year.",True
admin,83,Revenue Growth,High,Completed,Survey Score,user063,99.0,G000374,Increase annual revenue from new digital product lines by 20% within the next financial year through strategic marketing and sales initiatives.,True
admin,61,Revenue Growth,Low,Completed,Expense Ratio,user084,90.0,G000375,Expand market reach by launching two new regional offices aimed at increasing annual revenue by 20%.,True
admin,77,Efficiency,Medium,Planned,Employee Turnover Rate,user080,39.4408456768371,G000376,Develop an automated ticketing system to reduce response time for IT support requests by 30%.,False
admin,86,Cost Reduction,High,Cancelled,Survey Score,user029,31.76245658676814,G000377,Reduce office supply expenses by 20% by the end of Q2 through negotiating bulk purchase agreements with key suppliers.,False
admin,68,Employee Satisfaction,Medium,Completed,Survey Score,user030,99.0,G000378,Develop and implement an employee wellness program aimed at increasing overall job satisfaction scores by 20% over the next fiscal year.,True
admin,79,Efficiency,Medium,In Progress,Expense Ratio,user014,6.0,G000379,"Optimize workflow automation to increase process throughput by 20%, reducing manual task time and enhancing overall operational efficiency.",False
admin,92,Cost Reduction,Low,In Progress,Employee Turnover Rate,user033,35.0,G000380,"Increase efficiency in supply chain logistics to cut operational expenses by 20%, aiming to save approximately $300K in the next fiscal year.",False
admin,84,Cost Reduction,Low,In Progress,Expense Ratio,user024,10.0,G000381,Achieve a 20% reduction in overall IT spending by optimizing software license management and renegotiating vendor contracts.,False
admin,79,Customer Satisfaction,Critical,In Progress,Sales Increase,user027,75.0,G000382,Develop a new customer feedback system to increase overall satisfaction ratings by 20% over the next fiscal year.,False
admin,97,Employee Satisfaction,Low,In Progress,Expense Ratio,user063,21.255012538240614,G000383,Develop a new comprehensive employee wellness program aiming to improve overall job satisfaction by 20% through enhanced health benefits and flexible working hours.,False
admin,94,Employee Satisfaction,High,In Progress,Survey Score,user088,51.152629828016686,G000384,"Develop and deploy an annual employee satisfaction survey by Q2 to identify key improvement areas, aiming to enhance overall workplace engagement and satisfaction by 20%.",False
admin,87,Revenue Growth,Low,In Progress,Survey Score,user065,41.89754564872793,G000385,Develop new digital marketing strategies to increase annual revenue by 20% through improved customer engagement and retention.,False
admin,50,Efficiency,Medium,Completed,Survey Score,user027,97.79293123317893,G000386,Enhance the automation of report generation processes to improve response times by 30% over the next six months.,True
admin,69,Employee Satisfaction,High,Completed,Survey Score,user059,80.0,G000387,Develop a comprehensive wellness program aimed to enhance employee satisfaction by improving work-life balance and providing mental health support.,True
admin,98,Cost Reduction,High,In Progress,Sales Increase,user085,88.0,G000388,Optimize IT infrastructure by consolidating vendors and reducing overhead expenses to achieve a 20% reduction in IT costs.,False
admin,75,Employee Satisfaction,Medium,In Progress,Sales Increase,user012,27.0,G000389,Initiate quarterly team-building activities and a feedback system to enhance employee satisfaction and engagement rates by at least 20% over the next fiscal year.,False
admin,71,Efficiency,Critical,Cancelled,Sales Increase,user065,59.44027180939072,G000390,Optimize the IT helpdesk workflow to reduce average resolution time by 20% by implementing an automated ticketing system.,False
admin,57,Customer Satisfaction,High,Completed,Employee Turnover Rate,user053,78.82209936877818,G000391,Develop a comprehensive training program for customer service staff to improve response times and customer satisfaction ratings by 20% over the next quarter.,True
admin,91,Cost Reduction,Critical,Completed,Expense Ratio,user041,100.0,G000392,"Reduce operational expenses by optimizing energy consumption across all company branches, aiming for a 20% cost savings in the next fiscal year.",True
admin,89,Cost Reduction,Medium,Completed,Expense Ratio,user002,100.0,G000393,Reduce operational expenses by optimizing the use of utility services aiming for a 20% reduction from last fiscal year's $500K spend.,True
admin,81,Customer Satisfaction,Medium,Completed,Sales Increase,user032,101.0,G000394,Develop a new customer feedback system to increase overall satisfaction ratings by 20% over the next fiscal year.,True
admin,78,Employee Satisfaction,Low,Completed,Sales Increase,user012,98.08698880640029,G000395,Launch a quarterly employee feedback survey and achieve a 90% satisfaction rate by the end of the year to improve work environment and staff morale.,True
admin,99,Employee Satisfaction,Medium,In Progress,Survey Score,user063,49.0,G000396,Increase annual employee satisfaction scores by at least 20% by improving workplace flexibility and offering enhanced wellness programs.,False
admin,84,Efficiency,Low,Completed,Sales Increase,user075,100.0,G000397,"Increase automation of report generation by 30%, reducing manual input time and improving data processing efficiency.",True
admin,64,Cost Reduction,Medium,Completed,Expense Ratio,user032,83.51171877234714,G000398,"Reduce operational expenses by optimizing the use of resources, aiming for a 20% cost reduction over the next fiscal year.",True
admin,84,Employee Satisfaction,Medium,In Progress,Survey Score,user020,88.1388557553544,G000399,Develop a series of team-building activities and improve workplace conditions to increase employee satisfaction scores by 20% over the next fiscal year.,True
admin,99,Efficiency,Low,In Progress,Survey Score,user059,79.0,G000400,"Optimize IT system performance to decrease response times by 30%, thereby increasing overall user satisfaction and productivity.",False
admin,66,Employee Satisfaction,Low,Completed,Employee Turnover Rate,user092,100.0,G000401,Develop and launch a quarterly employee satisfaction survey to identify areas for improvement and enhance workplace conditions.,True
admin,98,Customer Satisfaction,Medium,In Progress,Survey Score,user058,100.0,G000402,"Enhance the customer support portal to improve first contact resolution rate by 20%, aiming to boost overall customer satisfaction ratings.",True
admin,71,Employee Satisfaction,Critical,In Progress,Survey Score,user058,12.0,G000403,Initiate a quarterly employee feedback program to enhance engagement and satisfaction levels across all departments.,False
admin,97,Cost Reduction,High,In Progress,Survey Score,user056,63.0,G000404,"Introduce automated software tools to minimize operational expenses by 20%, aiming for a reduction from $500K to $400K annually.",False
admin,57,Cost Reduction,Medium,In Progress,Survey Score,user055,49.0,G000405,Achieve a 20% reduction in overall IT spending by optimizing software license management and negotiating better terms with vendors.,False
admin,56,Cost Reduction,Medium,In Progress,Sales Increase,user086,29.0,G000406,Optimize energy consumption in all operational facilities to achieve a minimum of 20% reduction in utilities expenses over the next fiscal year.,False
admin,61,Efficiency,High,In Progress,Employee Turnover Rate,user074,61.24596839629424,G000407,"Enhance software deployment workflow to reduce the update rollout time from 3 hours to 1 hour, thus increasing team productivity.",True
admin,80,Customer Satisfaction,Medium,Completed,Sales Increase,user015,100.0,G000408,Enhance the customer support portal to improve user experience and increase customer satisfaction ratings by 20% within the next quarter.,True
admin,52,Cost Reduction,Medium,Completed,Survey Score,user043,86.79786613034813,G000409,"Reduce operational expenses by optimizing energy consumption across all facilities, aiming for a 20% cost reduction within the next fiscal year.",True
admin,89,Cost Reduction,Critical,In Progress,Sales Increase,user059,98.26525844141354,G000410,Reduce non-essential operational expenses across the company by 20% by the end of the fiscal year through the consolidation of software licenses and renegotiation of vendor contracts.,True
admin,91,Revenue Growth,Critical,In Progress,Sales Increase,user075,52.0,G000411,"Increase annual revenue growth by launching a new software module by Q4, targeting a 20% increase in user subscriptions.",False
admin,85,Customer Satisfaction,Medium,In Progress,Sales Increase,user083,57.530907536531664,G000412,"Enhance the online support portal to improve customer service interaction quality, aiming for a 20% increase in customer satisfaction ratings.",False
admin,76,Employee Satisfaction,Low,In Progress,Survey Score,user038,31.0,G000413,"Develop a comprehensive wellness program aimed at improving employee satisfaction scores by over 20% through health, fitness, and stress management workshops.",False
admin,63,Employee Satisfaction,Critical,Completed,Employee Turnover Rate,user054,68.0,G000414,Develop and implement a quarterly employee engagement program aimed at improving job satisfaction indices by 20% as measured by the annual employee feedback survey.,True
admin,71,Employee Satisfaction,Medium,Completed,Survey Score,user034,98.36042426073966,G000415,Enhance our flexible work arrangements and support programs to improve overall employee job satisfaction scores by 20% by the end of the fiscal year.,True
admin,64,Revenue Growth,Medium,In Progress,Sales Increase,user033,1.0,G000416,Increase annual subscription revenue by 20% through enhanced marketing strategies and customer engagement.,False
admin,74,Employee Satisfaction,Medium,In Progress,Expense Ratio,user015,3.0,G000417,Launch a quarterly employee feedback survey to increase overall satisfaction scores by 20% by the end of the year.,False
admin,97,Revenue Growth,High,Cancelled,Sales Increase,user032,33.0,G000418,Develop new partnerships and expand into Asian markets to increase annual revenue by 20%.,False
admin,80,Cost Reduction,Critical,In Progress,Survey Score,user007,87.03167194211801,G000419,Reduce overall IT infrastructure costs by 20% through the adoption of cloud-based solutions and optimizing current resource usage.,True
admin,52,Customer Satisfaction,Low,Completed,Expense Ratio,user041,100.0,G000420,Enhance the client support framework to improve customer satisfaction ratings by 20% through faster response times and personalized service interactions.,True
admin,84,Cost Reduction,Medium,In Progress,Sales Increase,user002,55.0,G000421,Optimize the use of utilities across all company sites to achieve a 20% reduction in energy expenses within the next financial year.,False
admin,100,Cost Reduction,Low,Cancelled,Survey Score,user078,39.0,G000422,"Develop automation solutions for manual data entries to cut operational costs by 20%, aiming for an annual savings of approximately $300,000.",False
admin,69,Revenue Growth,High,Completed,Expense Ratio,user080,70.0,G000423,Expand online sales channels to increase overall monthly revenue by 20% within the next fiscal quarter.,True
admin,89,Cost Reduction,Critical,In Progress,Survey Score,user028,71.85894770520085,G000424,Reduce operational expenses by optimizing the use of energy and recycling waste materials aiming for a 20% cost reduction within the next fiscal year.,False
admin,75,Customer Satisfaction,High,In Progress,Employee Turnover Rate,user011,70.01619886088493,G000425,Increase customer satisfaction ratings by 20% through improved helpdesk response times and personalized follow-up services.,False
admin,87,Cost Reduction,Medium,In Progress,Employee Turnover Rate,user051,77.0,G000426,Develop automation of routine monitoring tasks that will decrease operational expenses by 20% within the next fiscal year.,False
admin,93,Cost Reduction,Medium,In Progress,Sales Increase,user043,32.242883118801686,G000427,"Reduce operational expenses by optimizing energy usage across all corporate facilities, aiming for a 20% reduction in utility costs over the next fiscal year.",False
admin,75,Revenue Growth,Medium,In Progress,Sales Increase,user089,17.0,G000428,Increase annual subscriptions by 20% by launching targeted marketing campaigns and expanding into new geographic markets.,False
admin,84,Efficiency,Critical,Cancelled,Employee Turnover Rate,user023,67.27881794183962,G000429,"Optimize the IT ticket resolution process to reduce response time from 24 hours to 12 hours, enhancing overall operational efficiency.",False
admin,95,Cost Reduction,Low,Planned,Sales Increase,user008,71.88509745802104,G000430,"Reduce overall operational expenditures by optimizing energy usage, aiming for a 20% cost saving over the next fiscal year.",False
admin,58,Customer Satisfaction,Low,In Progress,Survey Score,user085,17.63051385301686,G000431,Increase the customer satisfaction rating by 10% through improved support response times and comprehensive follow-up surveys.,False
admin,60,Efficiency,Low,Completed,Sales Increase,user072,91.51149149470373,G000432,Enhance the usage of automation tools to improve workflow efficiency by reducing process times by 20% within the next quarter.,True
admin,88,Customer Satisfaction,Medium,Planned,Employee Turnover Rate,user092,87.05001948751627,G000433,Increase customer satisfaction ratings by 20% through improved response times and personalized customer service interactions.,False
admin,69,Cost Reduction,High,Completed,Expense Ratio,user080,75.0,G000434,"Decrease operational expenses by optimizing IT infrastructure, aiming for a 20% reduction in Q2 costs relative to Q1.",True
admin,73,Revenue Growth,High,In Progress,Expense Ratio,user098,55.0,G000435,Increase software product sales by 20% through expanded online marketing efforts and partnerships with leading tech influencers.,False
admin,53,Customer Satisfaction,Low,In Progress,Expense Ratio,user015,34.426488351644835,G000436,Develop and launch a new feedback tool by Q2 to improve customer satisfaction ratings by at least 20% through enhanced service response times and personalized support.,False
admin,63,Cost Reduction,Medium,Completed,Employee Turnover Rate,user036,95.0,G000437,Achieve a 20% reduction in operational expenses by optimizing supply chain logistics and renegotiating vendor contracts.,True
admin,95,Efficiency,Low,In Progress,Survey Score,user096,5.0,G000438,Increase the efficiency of the IT support team by reducing the average response time for customer tickets from 4 hours to 2 hours.,False
admin,98,Cost Reduction,Medium,Completed,Employee Turnover Rate,user056,100.0,G000439,"Reduce operational expenses through optimized technology investments, aiming for a 20% reduction in IT expenditure by end of Q3.",True
admin,88,Customer Satisfaction,Critical,In Progress,Survey Score,user097,16.330135672770453,G000440,Increase customer satisfaction scores by 20% through improved response times and enhanced support training by the end of Q4.,False
admin,70,Cost Reduction,High,In Progress,Survey Score,user027,34.39147018779572,G000441,Reduce overall IT spend by consolidating vendor contracts and improving transaction efficiency aiming for a 20% cost savings within the next fiscal year.,False
admin,82,Cost Reduction,Low,In Progress,Expense Ratio,user087,45.023096633552925,G000442,"Reduce overall operational expenses by optimizing energy consumption and vendor contract negotiations, aiming for a 20% cost reduction within the next fiscal year.",False
admin,77,Employee Satisfaction,High,In Progress,Employee Turnover Rate,user091,34.38270944195727,G000443,Develop and roll out an enhanced employee engagement program aimed at boosting overall job satisfaction ratings by 20% through improved communication channels and regular feedback mechanisms.,False
admin,98,Employee Satisfaction,High,In Progress,Expense Ratio,user096,11.0,G000444,Create a quarterly feedback system aimed at improving workplace environment and increasing overall employee satisfaction by 20%.,False
admin,72,Cost Reduction,Low,Completed,Employee Turnover Rate,user085,82.0,G000445,"Decrease annual software licensing expenses by consolidating vendors and negotiating volume discounts, aiming for a 20% reduction from $300K to $240K.",True
admin,90,Cost Reduction,High,In Progress,Expense Ratio,user081,19.99112451529231,G000446,Reduce overall IT infrastructure costs by consolidating third-party services and renegotiating contracts to achieve a 20% reduction in expenses within the next fiscal year.,False
admin,97,Revenue Growth,Critical,In Progress,Expense Ratio,user082,79.0,G000447,Develop new partnership strategies to increase subscription-based revenue by 20% over the next two fiscal quarters.,False
admin,56,Cost Reduction,Critical,In Progress,Expense Ratio,user052,67.46051315904235,G000448,"Reduce IT operational costs by optimizing server usage, potentially saving up to 20% annually.",True
admin,99,Revenue Growth,Low,Completed,Employee Turnover Rate,user008,101.0,G000449,Develop and launch a new digital product line by Q3 to increase the company's revenue streams by 20%.,True
admin,64,Cost Reduction,Medium,In Progress,Expense Ratio,user033,34.0,G000450,"Optimize IT infrastructure to decrease annual spending by 20%, focusing on more cost-effective solutions and vendor negotiations.",False
admin,80,Customer Satisfaction,Low,In Progress,Employee Turnover Rate,user057,48.82165934106498,G000451,Enhance the customer interaction platform to improve satisfaction ratings by at least 20% over the next quarter through faster response times and personalized service.,False
admin,95,Revenue Growth,High,Cancelled,Survey Score,user096,70.0,G000452,Expand into the European market to increase overall company revenue by 20% within the next fiscal year.,False
admin,95,Cost Reduction,Low,In Progress,Expense Ratio,user073,47.00084522755556,G000453,"Reduce operational costs by optimizing IT support structures, aiming for a 20% cost reduction in the next financial quarter.",False
admin,67,Efficiency,Medium,In Progress,Survey Score,user034,56.0,G000454,Enhance the automation of repetitive tasks in the billing department to increase processing speed by 20% within the next six months.,False
admin,55,Cost Reduction,Low,Completed,Sales Increase,user063,93.05260904045633,G000455,"Reduce overall IT expenditure by optimizing software licenses and renegotiating vendor contracts, targeting a 20% cost savings within the next fiscal year.",True
admin,67,Customer Satisfaction,Medium,In Progress,Sales Increase,user059,46.0,G000456,Develop a new customer feedback system to increase satisfaction ratings by 20% by the end of Q4.,False
admin,85,Cost Reduction,Critical,In Progress,Survey Score,user030,45.0,G000457,Achieve a 20% reduction in operational expenses by optimizing resource allocation and eliminating wasteful spending.,False
admin,64,Revenue Growth,High,In Progress,Expense Ratio,user030,10.0,G000458,Increase annual software subscription sales by 20% through enhanced marketing strategies and expanding into new geographic markets.,False
admin,73,Revenue Growth,Medium,In Progress,Employee Turnover Rate,user071,64.0,G000459,Expand into the Asian market to increase overall company revenue by 20% within the next fiscal year.,False
admin,87,Employee Satisfaction,Medium,Planned,Sales Increase,user030,17.0,G000460,Launch an employee engagement program aimed to boost overall satisfaction rates by 20% through surveys and focus groups to better understand and address workforce needs.,False
admin,81,Employee Satisfaction,Critical,In Progress,Employee Turnover Rate,user064,77.0,G000461,Develop a comprehensive wellness program aimed at improving overall employee satisfaction scores by 20% over the next fiscal year.,False
admin,86,Employee Satisfaction,Critical,In Progress,Employee Turnover Rate,user091,80.42061760666061,G000462,"Increase employee satisfaction scores by deploying a new well-being program aimed to enhance work-life balance and overall health, leading to a 20% improvement in annual employee survey results.",False
admin,67,Employee Satisfaction,High,In Progress,Expense Ratio,user096,28.993443729246916,G000463,"Launch a quarterly anonymous feedback survey to identify areas of improvement in employee satisfaction and workplace environment, aiming to increase overall staff happiness ratings by 20%.",False
admin,93,Customer Satisfaction,Low,In Progress,Survey Score,user007,46.979808847437965,G000464,Develop a new customer feedback system to improve satisfaction ratings by at least 20% over the next quarter.,False
admin,66,Employee Satisfaction,Low,In Progress,Survey Score,user024,48.0,G000465,Develop and implement a quarterly team-building program aimed at improving overall employee satisfaction scores by 20%.,False
admin,58,Revenue Growth,Critical,In Progress,Survey Score,user050,39.0,G000466,Develop new digital marketing strategies to increase online sales revenue by 20% within the next fiscal quarter.,False
admin,77,Efficiency,High,In Progress,Sales Increase,user056,76.2806260315468,G000467,Increase the automation of routine database maintenance tasks to improve system uptime by 20%.,False
admin,67,Revenue Growth,Low,In Progress,Expense Ratio,user084,51.0,G000468,Expand sales channels into three new international markets to increase overall revenue by 20% within the next fiscal year.,False
admin,80,Cost Reduction,Critical,Cancelled,Survey Score,user023,9.0,G000469,Optimize software licensing to achieve a 20% reduction in IT expenses over the next fiscal year.,False
admin,94,Revenue Growth,Medium,In Progress,Expense Ratio,user053,55.0,G000470,Expand sales to the European market to increase annual revenue by 20% over the previous financial year.,False
admin,85,Revenue Growth,High,Completed,Sales Increase,user071,99.0,G000471,Develop and introduce two new software products in the upcoming fiscal year to increase annual revenue by 20%.,True
admin,98,Employee Satisfaction,High,In Progress,Sales Increase,user004,17.0,G000472,Enhance employee engagement programs to increase overall job satisfaction rates by 20% in the next fiscal year.,False
admin,68,Efficiency,Critical,Completed,Expense Ratio,user007,74.0,G000473,"Optimize IT support workflow to decrease ticket resolution time by 20%, enhancing overall employee productivity.",True
admin,57,Employee Satisfaction,Critical,In Progress,Survey Score,user001,41.470769941265374,G000474,"Launch an employee feedback program to identify key areas for improvement in workplace satisfaction, aiming to achieve a 10% increase in overall employee happiness scores.",False
admin,63,Cost Reduction,Medium,In Progress,Survey Score,user026,46.4609077848959,G000475,"Reduce operational expenses by optimizing energy usage in all company facilities, aiming for a 20% cost reduction over the next fiscal year.",False
admin,58,Efficiency,Medium,Completed,Sales Increase,user008,87.0,G000476,"Optimize IT support workflows to enhance response time by 20%, aiming to decrease average ticket resolution times from 4 hours to 3.2 hours.",True
admin,79,Customer Satisfaction,Medium,Completed,Sales Increase,user066,101.0,G000477,Develop a new customer feedback system to increase satisfaction scores by 20% over the next fiscal year.,True
admin,63,Cost Reduction,Low,Completed,Employee Turnover Rate,user047,100.0,G000478,"Reduce operational expenses by optimizing energy consumption, aiming for a 20% decrease in utilities expenses over the next fiscal year.",True
admin,82,Efficiency,Low,Completed,Survey Score,user034,82.0,G000479,Optimize IT support workflows to achieve a 20% reduction in average resolution time for user-reported issues.,True
admin,91,Revenue Growth,High,In Progress,Sales Increase,user079,41.0,G000480,Increase annual sales revenue by 20% through strategic marketing initiatives and expanding into new regional markets.,False
admin,92,Customer Satisfaction,Low,In Progress,Employee Turnover Rate,user061,7.0,G000481,Initiate a customer feedback system to increase overall satisfaction ratings by 20% within the next fiscal year.,False
admin,63,Customer Satisfaction,Low,In Progress,Employee Turnover Rate,user051,21.345494185559108,G000482,Develop a comprehensive training program for customer service staff to improve customer satisfaction scores by 20% over the next 6 months.,False
admin,85,Customer Satisfaction,Critical,In Progress,Expense Ratio,user046,16.703164149432887,G000483,"Develop a comprehensive training program for customer service teams to enhance client interaction quality, aiming to improve customer satisfaction ratings by 20% over the next fiscal year.",False
admin,82,Employee Satisfaction,Critical,In Progress,Sales Increase,user057,63.0,G000484,Develop a comprehensive wellness program aimed at improving overall employee satisfaction scores by 20% over the next fiscal year.,False
admin,99,Cost Reduction,High,Planned,Survey Score,user004,88.23161705838585,G000485,Reduce overall IT expenses by consolidating vendor contracts and renegotiating terms to achieve a 20% cost reduction over the next fiscal year.,False
admin,59,Revenue Growth,Low,Planned,Survey Score,user088,42.0,G000486,Develop and launch a new software product aimed at small businesses that will generate an additional $500K in annual revenue.,False
admin,86,Cost Reduction,Critical,Planned,Survey Score,user045,39.90332962836453,G000487,"Reduce overall IT spending by optimizing vendor contracts and employing automated, cost-efficient solutions, aiming for a 20% reduction by Q4.",False
admin,64,Cost Reduction,High,Completed,Expense Ratio,user080,87.65779259781635,G000488,"Reduce operational expenses by optimizing the use of utilities across all company sites, aiming for a 20% decrease in costs from the previous fiscal year.",True
admin,59,Customer Satisfaction,Critical,In Progress,Sales Increase,user044,62.85834255016235,G000489,Develop a comprehensive training program for customer service representatives to improve satisfaction ratings by 20% in the next fiscal year.,True
admin,51,Efficiency,Low,Completed,Sales Increase,user076,100.0,G000490,"Enhance the automated ticket resolution system to improve average handling time by 20%, thereby increasing overall operational efficiency.",True
admin,76,Cost Reduction,Medium,In Progress,Expense Ratio,user007,71.87650355237754,G000491,"Reduce overall IT infrastructure costs by optimizing server utilization, aiming for a 20% reduction in operational expenses over the next fiscal year.",False
admin,79,Efficiency,Medium,Completed,Employee Turnover Rate,user091,100.0,G000492,Optimize IT service desk operations to achieve a 20% improvement in response time over the next fiscal year.,True
admin,59,Efficiency,Critical,Planned,Expense Ratio,user065,16.0,G000493,Increase the processing speed of customer service requests by 20% by optimizing workflow automation rules.,False
admin,65,Customer Satisfaction,Medium,In Progress,Expense Ratio,user092,56.0,G000494,Develop and deploy a new customer feedback system by Q2 to increase customer satisfaction ratings by 20% over the previous year.,False
admin,64,Customer Satisfaction,Critical,In Progress,Expense Ratio,user096,47.59590245422559,G000495,Develop a comprehensive training program for customer service representatives to improve satisfaction scores by 20% over the next fiscal year.,False
admin,59,Cost Reduction,Critical,Completed,Survey Score,user055,100.0,G000496,"Reduce overall IT expenditure by optimising software licensing agreements, aiming for a 20% cost savings within the next fiscal year.",True
admin,92,Employee Satisfaction,Medium,Completed,Survey Score,user029,97.0,G000497,Launch a quarterly employee engagement survey to enhance workplace environment and increase overall employee satisfaction by 30%.,True
admin,87,Revenue Growth,Low,In Progress,Survey Score,user074,61.0,G000498,Develop and launch a new online advertising service aimed at increasing customer engagement by 30% and boosting revenue growth by 20% in the next fiscal year.,False
admin,99,Cost Reduction,Critical,In Progress,Survey Score,user005,81.0,G000499,"Optimize supply chain logistics to lower operational expenses by 20%, striving for a reduction from $500K to $400K annually.",False
